"siteID","date","intercept275","slope275","intercept350","slope350","Sr"
"ARIK",2023-11-07 17:08:00,5.44820058503487,0.0160836559720406,6.23926111308375,0.018349672211853,0.876509170646187
"ARIK",2024-01-02 18:04:00,5.54599111384763,0.0167554245078751,6.13904666244481,0.0184275564416553,0.909259160916184
"ARIK",2024-01-17 17:45:00,5.54732345226896,0.0168771860981082,6.16341399903538,0.0186207370048385,0.906365096812374
"ARIK",2024-02-06 14:49:00,5.0405821709693,0.0156762632533593,5.80107986586671,0.0179286232746177,0.874370720676185
"ARIK",2024-02-13 15:23:00,5.43921371737347,0.0161817660818563,6.02795824185756,0.0178907647815757,0.90447592819065
"ARIK",2024-02-27 16:17:00,5.48928948339587,0.0162185890262598,6.06629880740921,0.0178800497356526,0.907077400009693
"ARIK",2024-03-05 15:10:00,5.51345153776523,0.0162718080349982,6.04636693921764,0.0177982242736982,0.914237723088155
"ARIK",2024-03-11 17:40:00,5.47888843002627,0.0163201642138496,5.91889628920142,0.01757422141569,0.928642232723851
"ARIK",2024-04-02 14:27:00,5.47063026732904,0.0161159747384773,6.01378057568662,0.017699227266779,0.910546799335508
"ARIK",2024-04-09 16:53:00,5.54593927273536,0.0162149575874932,6.01054207952184,0.0175271349025449,0.925134522992619
"ARIK",2024-04-22 17:37:00,5.52994152261876,0.0166707016458007,5.94438278239423,0.0178219384271262,0.935403391385684
"ARIK",2024-04-30 17:46:00,5.29911703762497,0.0165098435797408,5.64846380058607,0.0174467866938742,0.946297095816364
"ARIK",2024-05-07 17:03:00,5.65339963497431,0.0166581909003975,6.13315229428182,0.0179955805017106,0.92568233065969
"ARIK",2024-05-14 15:24:00,5.63797373582201,0.0164464082662734,6.10190597072457,0.0177291241685193,0.927649223387836
"ARIK",2024-05-29 13:53:00,-3.1281348254085,-0.00180551590542286,-1.91102231252182,0.00517732154364124,-0.348735517043632
"ARIK",2024-06-03 17:06:00,5.73957368843909,0.0164802492710988,6.16525748615101,0.0176279097058333,0.934895262462415
"ARIK",2024-06-11 14:37:00,5.63763334483687,0.0165026920311601,6.26996526322936,0.0182626173744743,0.903632359632412
"ARIK",2024-06-24 16:32:00,5.06535573752169,0.0142765426255913,5.34518686157822,0.0150556785910196,0.948249694577496
"ARIK",2024-07-09 14:18:00,5.59639560888607,0.0171344163225563,5.40601090245957,0.0164478353533787,1.04174293786548
"ARIK",2024-07-16 16:40:00,5.66923256251271,0.0173147483685255,6.15406058277003,0.0186635148583155,0.927732450182658
"ARIK",2024-11-05 17:57:00,3.63430989515188,0.0105034744310713,3.30409123531173,0.01013454427915,1.0364032305508
"ARIK",2024-12-03 18:10:00,5.44508504398346,0.0161480899094877,6.11175840813282,0.0180806214941511,0.893115865221308
"ARIK",2024-12-17 17:59:00,5.34417766387398,0.0162336364686878,5.90792525049201,0.0178807361326986,0.907884124468523
"ARIK",2025-01-07 15:20:00,5.33219654693676,0.0161674525842949,5.97500620617448,0.0180378388833107,0.896307628030412
"ARIK",2025-01-13 17:59:00,5.39794194759131,0.0162285345845294,5.98209810243329,0.0179327324093172,0.904967197084682
"ARIK",2025-02-04 15:55:00,5.23064078321745,0.0157183360888073,5.73089149422291,0.0171709152424205,0.915404675108717
"ARIK",2025-02-11 18:06:00,5.36047604547694,0.0165772717295788,5.77189137946632,0.0177316020444159,0.934899829584173
"ARIK",2025-02-25 17:35:00,5.30162701904219,0.0161115477171782,5.74403511047372,0.0173820355040758,0.926907997248093
"ARIK",2025-03-03 18:18:00,5.30765795719356,0.0159862899165125,5.8462128167532,0.0175394962581215,0.911445213776322
"ARIK",2025-03-11 14:37:00,5.33680860668257,0.0157619809199305,5.88138000481308,0.0173510454153305,0.908416786576099
"ARIK",2025-04-08 15:24:00,5.57331079204334,0.0166368243821268,6.18994892185772,0.0183886847658441,0.904731610442786
"ARIK",2025-04-10 16:25:00,5.51670616940171,0.0163064219476576,6.10565895954689,0.0179811564819008,0.906861689573254
"ARIK",2025-04-22 17:05:00,4.99055388307755,0.0135125288174533,3.42680171536931,0.00873726874917752,1.54653922242294
"ARIK",2025-05-05 17:32:00,5.45636964452546,0.0165250228388797,5.91256146498316,0.0177926740830674,0.928754315496955
"ARIK",2025-05-07 16:55:00,5.57754257714683,0.0165353921406991,6.01998906935241,0.0177814473870252,0.929923857197628
"ARIK",2025-05-13 14:19:00,5.47606764250427,0.0163469191527794,5.99086789552738,0.0178007687299025,0.918326584700756
"ARIK",2025-05-29 16:43:00,5.56483573210048,0.0163100942044603,6.11765771987651,0.0178583724955982,0.913302385672625
"ARIK",2025-06-10 14:58:00,5.50418119573671,0.0165760022571877,5.83557381795041,0.0173907479080502,0.953150626116239
"ARIK",2025-06-16 18:08:00,5.14201378238226,0.0150926464432617,5.26348406089837,0.0152792320665937,0.987788285267297
"ARIK",2025-06-24 16:43:00,5.26980474939236,0.0149759816885833,5.64254079646331,0.0159949338384731,0.936295319494295
"ARIK",2025-07-08 16:57:00,5.81438033988553,0.0175701332244186,5.92489254929235,0.0177864256411739,0.987839466955371
"ARIK",2025-07-16 16:50:00,5.50479178720065,0.0158149656447555,6.16034209032531,0.0177072700973884,0.893134038040564
"ARIK",2025-08-05 17:03:00,5.98731702082742,0.0186770110417667,6.23380022283138,0.0192288194428973,0.971303053587392
"BARC",2023-11-13 15:20:00,5.15742961992769,0.0194880740698957,4.58354053052943,0.0173693381335172,1.12198138582437
"BARC",2024-01-02 16:06:00,5.36184391681325,0.0198400148071127,3.86032837207578,0.0149333635938491,1.32856972794023
"BARC",2024-02-06 15:06:00,5.3769161301332,0.0201198862041828,4.23665313714147,0.0163827790661941,1.22811191696409
"BARC",2024-03-05 16:19:00,5.57371267672869,0.020947159489655,4.29557149416803,0.0167163591245654,1.25309341188251
"BARC",2024-04-09 14:56:00,4.84456719330368,0.0179582264009472,4.44661321486124,0.0163701444253184,1.09701087139907
"BARC",2024-05-01 14:49:00,5.06147424051072,0.0191751624862615,4.49262207152035,0.0170756850906476,1.12295128332882
"BARC",2024-06-05 15:39:00,4.90298234752585,0.0176959464640161,4.55270630707412,0.0163422943182873,1.08283121814873
"BARC",2024-06-25 13:54:00,4.933374318476,0.0181672869736128,4.10931602095138,0.0154546746698013,1.17552050507488
"BARC",2024-07-23 13:24:00,4.84665957299562,0.0180288673527446,4.57323895851709,0.0170202110825793,1.05926226562476
"BARC",2024-09-03 14:25:00,4.85005046503866,0.0170004456024558,4.77296509201565,0.0165110597001744,1.02963988448762
"BARC",2024-09-18 15:06:00,5.28256332555552,0.0186988488820826,4.60807871515131,0.016389952651645,1.14087266019075
"BARC",2024-10-02 16:16:00,5.18943163788162,0.0187405902654424,4.76292850603129,0.0171475352278221,1.09290285842572
"BARC",2024-10-29 13:26:00,4.96991498523518,0.0175387181310047,4.52966285063395,0.0159889160842099,1.09692977551651
"BARC",2024-12-03 15:15:00,5.17138287546715,0.0184389208868292,4.60108711594172,0.0165212607481943,1.11607226396717
"BARC",2025-01-07 16:05:00,5.14711619124436,0.0186837350965043,4.23025429747271,0.0157359250438839,1.18732995006011
"BARC",2025-02-17 16:19:00,5.15003447571257,0.0189212519906741,4.15871535575124,0.0156780891648179,1.20685957272994
"BARC",2025-03-12 16:25:00,5.35756701251442,0.019804129640881,4.21832625355506,0.0160864711876753,1.23110465992405
"BARC",2025-04-01 14:36:00,5.45455741954814,0.0203296801734395,4.50501430425871,0.0171139040477811,1.18790429797199
"BARC",2025-05-14 15:47:00,4.76961473770108,0.0173751827476773,4.0393524598132,0.0148217991478751,1.17227217656423
"BARC",2025-05-27 15:41:00,5.21829552522658,0.0190824339708583,4.57354326932857,0.0167670441673335,1.13809171016772
"BARC",2025-06-25 13:48:00,5.18639352551359,0.0190399731386529,4.55694851368717,0.0168291415260155,1.1313692447841
"BARC",2025-08-05 14:58:00,4.97068748793605,0.017956929618036,4.31073979111018,0.0156944642170316,1.14415690588209
"BARC",2025-09-02 13:15:00,4.93134873039449,0.0173905658295968,3.77519602518277,0.013659088303722,1.27318642671473
"BARC",2025-09-30 14:29:00,5.00835342189375,0.018635869567595,4.08033958688006,0.0155475490680744,1.19863712833441
"BIGC",2023-11-14 17:43:00,4.02728964679138,0.0120320049515332,4.50715078489094,0.0138661621844749,0.86772423338627
"BIGC",2023-12-19 18:25:00,4.30719297535632,0.0115333027452368,5.03816154058328,0.0141054030672883,0.817651412740102
"BIGC",2024-01-08 18:59:00,4.72832786133513,0.0132137806901014,5.58800545621976,0.0158940282436796,0.831367636165863
"BIGC",2024-02-05 18:24:00,4.84587046339018,0.0134580897312847,6.31178804068415,0.0180445732224188,0.745824773210161
"BIGC",2024-02-20 17:57:00,4.16116477411216,0.0134936154177833,5.55151424545219,0.017815769999739,0.757397261975262
"BIGC",2024-03-05 17:50:00,4.9195602136457,0.0138503433283183,6.09604065164493,0.0174604219895294,0.793242187194792
"BIGC",2024-03-11 16:51:00,4.86384279501427,0.0139179328274153,6.16708143325366,0.0178845501412517,0.778209835723673
"BIGC",2024-04-01 17:07:00,4.972854648081,0.0137716478051035,6.1497466554994,0.0174082054141035,0.791100947944133
"BIGC",2024-04-08 16:55:00,4.85069794814761,0.013898676277816,6.04891813005212,0.0175841424031577,0.790409674760144
"BIGC",2024-04-15 17:13:00,4.88156697547542,0.0139006035482557,6.06737990995716,0.0175281772330509,0.793043301846863
"BIGC",2024-04-30 16:55:00,4.8013661369815,0.0140979659563939,5.81750928979493,0.0171785931236914,0.82067057848591
"BIGC",2024-05-06 16:34:00,4.86519072549542,0.0138063214271886,6.00544300918002,0.0173092588036738,0.797626379256532
"BIGC",2024-05-07 17:08:00,4.87235340132805,0.0138890328607924,6.01183862842906,0.017367366820905,0.7997201305194
"BIGC",2024-05-13 17:44:00,4.88346915637938,0.0140593582073097,5.92475016171339,0.0171967320113909,0.817559882772901
"BIGC",2024-05-20 16:50:00,4.8450991519102,0.0137986640547072,5.68245378243957,0.0163563407415509,0.843627818271953
"BIGC",2024-05-29 16:48:00,4.91309026459079,0.0137758954223529,6.0365093145578,0.0171652552844242,0.802545327412238
"BIGC",2024-06-04 16:38:00,4.91889377936497,0.0137525796222899,5.95226700166499,0.0168781651372824,0.814814851639981
"BIGC",2024-06-11 16:54:00,4.81950615893597,0.0136270941402719,5.78626591621584,0.0165583809454309,0.822972619435483
"BIGC",2024-06-18 16:29:00,4.77425865615783,0.0136208836873397,5.79541208255478,0.0167315717630234,0.814082734142274
"BIGC",2024-06-24 17:34:00,4.78615671250598,0.013604362378834,5.70291421173192,0.0163970289073143,0.829684600529396
"BIGC",2024-08-05 17:29:00,4.54701493460507,0.0135199176197932,5.50607717879387,0.0164324992169602,0.822754800793731
"BIGC",2024-09-02 17:02:00,4.71880054091124,0.0134345604892127,5.67535521393006,0.0163567830947189,0.821344906967088
"BIGC",2024-09-10 16:49:00,4.93526467455294,0.013564364700061,5.86418203868312,0.0163498593909212,0.829631887084794
"BIGC",2024-10-02 16:46:00,3.55096123056359,0.0131788431570339,4.19859573551604,0.0153578630613126,0.858116985704357
"BIGC",2025-01-13 18:22:00,4.71687306851148,0.0136847393629906,5.47288261590198,0.0160106517042654,0.854727191357539
"BIGC",2025-02-03 18:05:00,4.5091558181575,0.0136062953626072,5.28460428025272,0.015997887297964,0.850505764241681
"BIGC",2025-02-12 17:55:00,4.78797365205149,0.0142415744044943,5.84031405975737,0.0174643691238757,0.815464578392612
"BIGC",2025-03-04 17:56:00,4.78250441756287,0.0140573135062755,5.80603783790156,0.0171955660543373,0.817496409356625
"BIGC",2025-03-10 18:40:00,4.84913563974782,0.0141039729950792,5.91719874700582,0.0173841852040513,0.811310557816213
"BIGC",2025-04-01 18:23:00,4.87364609217965,0.0133984921472355,6.2492081059612,0.017668791360144,0.758314016739073
"BIGC",2025-04-07 17:05:00,4.89484425786831,0.0141374529901556,6.10627033820031,0.0178100465571773,0.793790905867022
"BIGC",2025-04-10 16:57:00,4.77097604337656,0.0140092446155126,5.7363868733288,0.0169407527712132,0.826955260176984
"BIGC",2025-05-01 16:46:00,4.74779911907042,0.0141498224109465,5.56552654111151,0.0166205526647445,0.851344879822261
"BIGC",2025-05-05 17:34:00,4.82312915178298,0.0141663231557765,5.7830078028809,0.0170670430148963,0.830039693660579
"BIGC",2025-05-14 17:04:00,4.83069948422746,0.0139934459133946,5.75169385550569,0.0167983037416501,0.833027318032055
"BIGC",2025-05-15 16:51:00,4.84544198085205,0.0141535363430342,5.85948567164555,0.0172165352759081,0.822089701337292
"BIGC",2025-05-22 16:58:00,4.97529473501748,0.014028885377038,5.85206852471357,0.0166849200520024,0.840812262409034
"BIGC",2025-06-05 16:52:00,4.77886832927714,0.0138999837671635,5.41914579303416,0.0158642947655179,0.876180376916347
"BIGC",2025-06-09 17:30:00,4.70560798209323,0.0135342502208773,5.37078865260798,0.0155530066164794,0.870201534315357
"BIGC",2025-06-17 17:14:00,4.8705482705335,0.0141031841387806,5.72276758497464,0.0166921688139364,0.844898245158274
"BIGC",2025-06-30 17:08:00,4.88513883685361,0.0136732622779908,5.71032400875085,0.0161877027481769,0.844669715690861
"BIGC",2025-07-07 18:10:00,4.87751856072593,0.0141581758815479,5.55773674259201,0.0162079747026359,0.87353146468358
"BIGC",2025-08-11 16:52:00,4.88945771438278,0.0138110885802789,5.64860787678391,0.0161434791506262,0.855521195364084
"BIGC",2025-08-27 16:57:00,4.81871239459155,0.0139347001332727,5.5459860670477,0.0162128723956873,0.859483735712334
"BLDE",2024-01-09 18:46:00,4.37670597725703,0.0150611257381034,5.54789241015785,0.0185550741539909,0.811698493528466
"BLDE",2024-02-13 17:52:00,4.51790385217484,0.0147444894653647,5.78991871205644,0.0185700069160927,0.793994828972687
"BLDE",2024-02-28 18:59:00,4.98107877626394,0.0146863712955407,6.24966399717209,0.0184978170872838,0.793951590408836
"BLDE",2024-03-13 17:58:00,4.96060747581937,0.0146425272347863,5.98881180100125,0.0177197962476538,0.826337223641893
"BLDE",2024-04-08 15:53:00,4.83631854322565,0.0140264165993147,5.86765920028067,0.0171514710732246,0.81779670906547
"BLDE",2024-04-09 16:48:00,4.88980334236834,0.0141584690819269,5.84159791694506,0.0170245598623649,0.831649640072404
"BLDE",2024-04-29 16:55:00,4.88651596231206,0.0139415443122583,6.13189303319808,0.0177357407637283,0.786070595978178
"BLDE",2024-05-01 17:38:00,5.01335996262492,0.0144044429264089,6.07654023464624,0.0176154874115463,0.817714695590387
"BLDE",2024-05-15 18:40:00,5.02708317908864,0.0140357914082067,5.76732337571413,0.0162575972420761,0.863337380008456
"BLDE",2024-05-20 18:31:00,5.22260856316349,0.0146186957904585,6.34163814372773,0.0180038575889793,0.811975751208289
"BLDE",2024-05-27 18:12:00,5.18761841500738,0.0144317992790188,6.07146497722047,0.0171086795077512,0.843536713191709
"BLDE",2024-06-03 18:50:00,5.14349340158136,0.0145547530973078,6.06486187896,0.0173485173268839,0.838962363357313
"BLDE",2024-06-10 18:48:00,5.03033470918001,0.0139977450720481,6.16216451855843,0.0174609044071026,0.801662087237256
"BLDE",2024-06-12 17:45:00,5.12039477671414,0.0142037028707858,6.12223113423991,0.0172348399758903,0.824127342676537
"BLDE",2024-06-17 18:37:00,5.15260060563735,0.0145262499776119,6.12201910587956,0.0174388843294625,0.832980464987098
"BLDE",2024-07-08 18:22:00,5.151689584109,0.0148168771696673,5.7940370748262,0.0167013626868185,0.887165762908764
"BLDE",2024-07-10 18:25:00,5.03296975987299,0.0147613436817058,5.70764277378665,0.0167253782826609,0.882571588650331
"BLDE",2024-07-31 17:50:00,5.00053551124065,0.0148937358287997,5.74375193981565,0.0170535515998884,0.873350969829489
"BLDE",2024-08-20 17:30:00,5.12486278224089,0.0145696872899972,5.9947190592052,0.017118514839958,0.851106969629667
"BLDE",2024-09-03 16:50:00,5.11567013134586,0.0141957395725555,5.89290880429793,0.0164974153432487,0.860482643929119
"BLDE",2024-10-02 16:37:00,4.93015711345307,0.0144684642802038,5.74230469620705,0.0168669377272521,0.85780030223429
"BLDE",2024-11-05 17:23:00,4.8686989928762,0.0148918214314147,5.928964511385,0.0180379596985049,0.825582365207802
"BLDE",2024-11-12 17:50:00,4.98624838848928,0.0147576734912101,5.89877315106173,0.017501272306549,0.843234322209119
"BLDE",2024-11-19 18:30:00,5.04014666126299,0.0147302345153766,6.11299541503827,0.0179228211532902,0.821870306543369
"BLDE",2024-12-10 19:45:00,4.9429836497532,0.0148105467253665,6.18432901472847,0.0184945375519984,0.800806545377298
"BLDE",2025-01-07 19:43:00,4.85036215674763,0.0147264043562144,6.07365284822733,0.0183801835646638,0.801210951153184
"BLDE",2025-03-05 18:03:00,4.88855755678129,0.0146106072446122,5.59181491130996,0.0167168070306269,0.874007052772942
"BLDE",2025-03-25 18:10:00,4.87709297927761,0.0145724365777692,5.65131856926722,0.0168787496834532,0.863359955628407
"BLDE",2025-04-02 17:00:00,5.14292284850087,0.0155885539518196,5.79112609654467,0.0174754948539259,0.892023606891892
"BLDE",2025-05-07 17:49:00,5.00947176953383,0.0130884636860673,4.67122236795725,0.0121342064339918,1.07864191673897
"BLDE",2025-05-19 17:52:00,5.16822590028875,0.0146418451619168,5.71467363838613,0.0162625498709177,0.900341291995099
"BLDE",2025-05-28 18:01:00,4.96164874458087,0.0144015137290094,5.78973754703986,0.0169024997138117,0.85203454949574
"BLDE",2025-06-02 17:43:00,4.82528061856209,0.0126473188579155,4.15681564018244,0.0106621081544073,1.18619307502407
"BLDE",2025-06-04 18:00:00,5.13380617961217,0.0146160161611781,5.61359124460908,0.0160643921283851,0.909839354291668
"BLDE",2025-06-09 17:23:00,5.03611076180799,0.014623125926922,5.50330043980289,0.0160044207124144,0.913692922079899
"BLDE",2025-06-11 16:50:00,5.03973618698728,0.01433855775346,5.53362540131181,0.0158284265588057,0.905873852981499
"BLDE",2025-06-18 17:25:00,5.05034311841612,0.014242178065335,5.21926725739519,0.0147233357261199,0.967320064574001
"BLDE",2025-07-16 19:00:00,5.26575900279352,0.0145041612715994,5.74682453903638,0.0158929308414461,0.912617151379967
"BLDE",2025-08-05 17:30:00,5.18054887448498,0.0140541477690549,5.8153941921616,0.0159118656557869,0.883249524165238
"BLDE",2025-08-26 17:56:00,5.26126643097281,0.014103362684045,6.17228676763847,0.0167696449064841,0.841005445415952
"BLDE",2025-09-03 18:58:00,5.17019762629188,0.0141947084314543,6.00628865332594,0.0166404551482588,0.853024049221368
"BLDE",2025-09-30 17:59:00,5.08257952807235,0.0144389750871089,5.6652371534139,0.0161363757995462,0.894809049223741
"BLUE",2023-11-09 18:10:00,4.25822397583238,0.0154971890032375,3.1840870877648,0.0119927913213195,1.29220867669799
"BLUE",2023-12-18 18:53:00,4.60213512502634,0.0158956431107022,3.86095099830711,0.013778728476262,1.15363642865067
"BLUE",2024-01-09 16:13:00,4.24172575668787,0.013343202556688,2.97557061221579,0.00988903834057948,1.34929222611409
"BLUE",2024-02-05 18:39:00,4.42330981099046,0.0146543380138268,4.30839502906333,0.0145157789787299,1.00954540815894
"BLUE",2024-02-15 19:30:00,4.49275102009257,0.0142311096730289,3.85614842023939,0.01247965331399,1.14034495309861
"BLUE",2024-03-12 17:42:00,4.12210787282216,0.0133447645561941,3.42687471861433,0.0115840560435899,1.15199412934284
"BLUE",2024-03-19 15:28:00,4.15319982930571,0.0146045789905418,3.90670466843467,0.0140273043360834,1.04115364154276
"BLUE",2024-04-04 15:33:00,4.36212176183873,0.0144663999747678,3.90711195351545,0.0131142502868742,1.10310537455938
"BLUE",2024-04-15 18:15:00,4.49718457826597,0.0141984911731521,4.05187496955249,0.0129769038996232,1.0941354951056
"BLUE",2024-05-02 18:07:00,4.50244002755106,0.0108879928251226,4.14212848247119,0.00989885363860182,1.099924619823
"BLUE",2024-05-08 15:18:00,4.91858933448148,0.0138485628057588,5.76671462203293,0.0164322093846875,0.842769373342073
"BLUE",2024-05-21 15:27:00,5.05714515854452,0.0157993162692101,5.06593956247185,0.0158199116644491,0.998698134624527
"BLUE",2024-05-29 17:12:00,5.09228294269386,0.0156648073282538,5.56603727997496,0.0170426590912972,0.919152770957733
"BLUE",2024-06-11 14:34:00,5.03781128093731,0.0154251967445628,5.50337501882741,0.016862024464037,0.914789133265782
"BLUE",2024-06-19 13:18:00,5.08613800228442,0.015534965970758,4.87913831687394,0.0149756206396361,1.03735039398911
"BLUE",2024-06-24 14:16:00,4.98368780637896,0.0157110995628237,4.44413269798494,0.0141286386063012,1.11200378186591
"BLUE",2024-07-08 14:29:00,5.02946361384157,0.015606021467086,5.16712267958057,0.0160279516052577,0.973675354869844
"BLUE",2024-07-15 14:12:00,4.70127838045465,0.0149945311934926,4.04865414618449,0.0131764391380548,1.13798052997391
"BLUE",2024-08-07 16:00:00,4.31581174072052,0.01448107373918,3.69936154412473,0.0127127403312542,1.13909930997162
"BLUE",2024-08-14 15:23:00,4.89764709238943,0.0153746729954426,4.41827868329823,0.0140025060123153,1.09799438628489
"BLUE",2024-09-17 15:30:00,4.73807329861477,0.0143391233209999,4.09922080819408,0.012592406746542,1.13871189277916
"BLUE",2024-10-07 15:52:00,4.3159157081634,0.0135697361796671,3.75438971309268,0.0121277088664461,1.11890352325414
"BLUE",2024-10-17 14:44:00,4.14899114607682,0.0131633099034193,3.95838638055216,0.0129730476423223,1.01466596487909
"BLUE",2024-11-06 16:44:00,4.61726169543963,0.0131964393386676,5.05014355324589,0.0145693436909891,0.905767591084376
"BLUE",2024-11-18 17:11:00,4.61882815261594,0.0133978647175456,4.98264717188428,0.0145728994280776,0.919368502038242
"BLUE",2025-01-08 17:27:00,3.65338111318364,0.0108464897322434,2.70875910006728,0.00873447818536354,1.24180168546519
"BLUE",2025-02-05 16:25:00,3.44677228867394,0.00934936118447726,2.17942418861825,0.00574285208103521,1.62799965114058
"BLUE",2025-02-11 17:46:00,4.33592443983509,0.0134623197338168,3.53929567221068,0.0114067847169882,1.18020284136399
"BLUE",2025-03-12 16:06:00,4.2512080463969,0.0127131396043374,3.12540363613595,0.00936205001787122,1.35794399517939
"BLUE",2025-04-02 16:44:00,4.05990213087196,0.0130620989443696,3.56455223826668,0.0117015771432092,1.11626824183695
"BLUE",2025-04-07 17:30:00,4.5110478769734,0.011114450250397,3.94000199555924,0.00942913427378158,1.17873496417392
"BLUE",2025-05-01 16:44:00,4.14226852304167,0.00875607908122119,3.35630471678541,0.00640587911452782,1.36688172297279
"BLUE",2025-05-12 17:46:00,4.97299479532959,0.0147368709172453,4.64376925518605,0.0138086622757881,1.06721930212492
"BLUE",2025-05-20 16:19:00,5.89745771888601,0.0181155474586371,5.758347244672,0.0172941493036198,1.04749572474463
"BLUE",2025-05-27 15:33:00,4.65414405677851,0.0118525295347485,4.51477455698002,0.0114532721972518,1.03485967421542
"BLUE",2025-05-28 15:14:00,4.8664757421229,0.0140399218132176,5.64841766281361,0.016418868944898,0.855108951800264
"BLUE",2025-06-10 16:54:00,6.39681537527524,0.0194492433060112,5.7467029592247,0.0169367966398855,1.14834249471999
"BLUE",2025-07-09 15:53:00,4.84122830308947,0.0141483399260941,3.61684274752562,0.0104783456645353,1.35024558065307
"BLUE",2025-07-15 15:40:00,4.98404809266567,0.0139389342773621,4.84702902904609,0.0135882055112879,1.0258112644663
"BLUE",2025-07-29 14:02:00,4.7424774150654,0.0140627446140904,3.61658631733573,0.0106719607961854,1.31772828655039
"BLUE",2025-08-12 15:13:00,4.57042340048251,0.0134137558443273,3.21043117919587,0.00931017388686874,1.44076319167855
"BLUE",2025-09-09 17:49:00,4.92378269904622,0.0152882410641325,3.98139386419062,0.012438289924028,1.22912724799886
"BLWA",2023-12-14 15:42:00,6.24646100132092,0.0203995644043845,5.20569734160496,0.0171042792463863,1.19265852191313
"BLWA",2023-12-19 18:21:00,5.91562722111601,0.0190831607938299,4.25396283352225,0.0139445900105356,1.36849923729647
"BLWA",2024-01-18 16:20:00,5.4032065202257,0.0169662838186252,5.08229215273515,0.0159157101411366,1.06600859579449
"BLWA",2024-01-31 17:09:00,4.87032987047339,0.0144733028367935,5.57035591403252,0.0165833540896782,0.872760887726684
"BLWA",2024-02-15 17:52:00,4.81437770871266,0.0138274007916955,5.28657413549441,0.0153181035228695,0.902683597290717
"BLWA",2024-02-26 15:56:00,4.49593395137453,0.0122696059222596,4.33924816674269,0.0118187805298737,1.03814483154555
"BLWA",2024-02-29 17:20:00,4.78171015848856,0.013696738601613,5.60923416319162,0.0162011412111493,0.845418135864847
"BLWA",2024-03-11 14:44:00,4.83969147948442,0.0140799151614454,5.87689450482686,0.0172339667515121,0.81698632499741
"BLWA",2024-03-19 15:20:00,4.63718915920737,0.0139301642781884,5.44050191030777,0.0163717610781433,0.850865353562084
"BLWA",2024-03-25 14:45:00,4.88380097894449,0.0142795978678679,5.62584006664518,0.0164838188025295,0.866279715819044
"BLWA",2024-04-04 15:40:00,4.76100509885775,0.013442251213978,4.54318293567746,0.012777199705616,1.05204986410831
"BLWA",2024-04-18 14:27:00,4.97199777409361,0.015614286658268,5.50037699241249,0.0171611367099551,0.909863193922945
"BLWA",2024-04-23 15:11:00,5.11215239524727,0.0151971774312232,4.57278454211742,0.0135422206807071,1.12220719109044
"BLWA",2024-05-06 15:20:00,5.27380919535413,0.0165111057692806,3.95586900146103,0.0125216773161051,1.31860176176593
"BLWA",2024-05-21 14:56:00,5.19164714236068,0.0156202481521725,3.82132459377241,0.0114048097381745,1.36961935453321
"BLWA",2024-05-30 15:25:00,5.49463337980037,0.0169952056129198,4.28426333024532,0.0132664512877738,1.28106644680348
"BLWA",2024-06-17 15:50:00,5.62925939123801,0.0176298024467424,3.95227031260198,0.0124698727640735,1.41379168659483
"BLWA",2024-07-10 16:34:00,6.17651659597823,0.0202899370965834,4.68445690020945,0.015602444495937,1.30043321749147
"BLWA",2024-07-15 15:44:00,5.95060024620678,0.0194331953701052,3.75393748688567,0.012680424211204,1.5325351144747
"BLWA",2024-08-21 14:45:00,6.17142679887001,0.0200222200568434,5.28225845172597,0.0171803423085903,1.16541450089921
"BLWA",2024-09-18 15:57:00,6.08047737265043,0.0195439606746138,4.69812627248354,0.0152618887514405,1.28057286964361
"BLWA",2024-09-23 15:16:00,6.16491780312536,0.0201464132272529,5.03330515529115,0.0165924271642218,1.21419325984414
"BLWA",2024-10-14 14:46:00,5.56650022341744,0.0176841628784377,3.27099827623057,0.0106561133146713,1.65953217240007
"BLWA",2024-11-14 16:28:00,6.14300740606178,0.0204867585348516,5.16060880738391,0.0174254124447661,1.17568284824185
"BLWA",2024-11-26 18:07:00,5.49800790638457,0.0178389238539326,4.24143111360126,0.0140083114048101,1.27345283370894
"BLWA",2024-12-11 18:33:00,5.7477919125065,0.0188380872001834,5.27527417412061,0.017340849720607,1.08634164436574
"BLWA",2024-12-17 16:05:00,5.50103395735644,0.0186076861903614,4.76982801382765,0.0164845439491402,1.12879593440812
"BLWA",2025-01-14 15:25:00,5.32273759194903,0.0169629114833907,4.87122231650054,0.0156602302827594,1.0831840386195
"BLWA",2025-01-22 17:56:00,4.98935302374208,0.0152679724266081,4.67554632356416,0.0143609253850949,1.06316076556283
"BLWA",2025-01-28 15:43:00,4.77360699827613,0.0138784868855882,4.3538575151848,0.0126246201680492,1.09931916373312
"BLWA",2025-02-11 18:28:00,4.57599740957352,0.0132991330221983,3.26742280126349,0.00935198024596876,1.42206598735396
"BLWA",2025-02-17 15:48:00,4.66713647241087,0.0138938121127484,4.20407707197447,0.0125253169734414,1.10925832393773
"BLWA",2025-02-24 15:43:00,4.57392961661454,0.013135444897108,4.60313033224103,0.013290585897343,0.988327000673012
"BLWA",2025-03-13 16:03:00,4.96797978183592,0.0145868661016404,5.41767338008036,0.0159513599880104,0.914459087664276
"BLWA",2025-03-19 16:35:00,5.03967005144523,0.0153794373068203,5.51581764004384,0.0168460894434928,0.912938124803851
"BLWA",2025-03-24 14:45:00,4.96503878123461,0.0152614743723723,4.6076768159184,0.0141637209550071,1.07750459225032
"BLWA",2025-04-01 14:24:00,4.44569746498875,0.0118581089272765,3.65308309988885,0.0094461177411186,1.25534206244948
"BLWA",2025-04-17 15:14:00,4.75090299931247,0.0134059116140264,5.02041062894842,0.01429344089471,0.93790653438725
"BLWA",2025-04-22 14:35:00,4.29268073859901,0.00990997503625939,3.14398523230172,0.00641598754597213,1.54457516715112
"BLWA",2025-05-08 14:55:00,4.74407555883123,0.0129671749161481,4.50974075009152,0.0122253277293084,1.06068116972122
"BLWA",2025-05-21 15:20:00,8.39189493058852,0.0292034885857168,5.97638346920214,0.0206818852715956,1.41203223024473
"BLWA",2025-05-27 17:34:00,4.83501882329113,0.0132059951208065,4.66764582381907,0.0126840051501677,1.04115340260895
"BLWA",2025-06-17 18:42:00,4.3584156929382,0.0112152133335008,3.63513639003185,0.00893326359198639,1.25544412946255
"BLWA",2025-07-09 15:50:00,5.14273136665116,0.0145660016996177,4.10063205240375,0.0113749794853732,1.28052993135925
"BLWA",2025-07-15 15:20:00,5.48079612503409,0.016316972195504,4.87775333416424,0.0144392652312416,1.13004172540578
"BLWA",2025-09-10 14:46:00,6.03699758411624,0.0200770693416868,5.09179571644181,0.0170493344326178,1.17758669237413
"BLWA",2025-09-16 16:15:00,6.31739137303718,0.0205504350039401,5.3368266382658,0.017456360417412,1.17724625938875
"CARI",2023-11-07 20:07:00,4.98211498300059,0.0157806500416744,6.2259579662216,0.0193637576304666,0.81495804393076
"CARI",2024-01-16 20:44:00,4.76065512268468,0.0143166122657666,5.23299067614786,0.0156663420495141,0.913845249932523
"CARI",2024-02-06 20:32:00,4.7809109100335,0.0143348402347203,6.20372713261451,0.0184692300096979,0.776147149999933
"CARI",2024-03-12 19:42:00,4.75424693382319,0.0144567822778882,6.26808197337166,0.0188605655990284,0.766508416833104
"CARI",2024-04-02 19:30:00,4.64090979758988,0.0135899777481006,5.26641070017576,0.0153653298098411,0.884457275977025
"CARI",2024-04-09 18:29:00,4.77118031422282,0.0146034056045844,5.88569898321858,0.0178267012841731,0.819187205293534
"CARI",2024-04-30 20:02:00,4.67427095940781,0.0127756534449587,6.10930750776526,0.0170958999123605,0.747293415991622
"CARI",2024-05-06 18:09:00,4.68286347017913,0.0125998336930324,6.23558243229342,0.0172779845522991,0.729242097357693
"CARI",2024-05-13 20:37:00,4.71005288315541,0.0129362774287313,6.2239649033157,0.0174572485074089,0.741026137265624
"CARI",2024-05-21 23:54:00,4.9369922231218,0.0138245373060225,6.0608363187934,0.0171605018897011,0.805602155163032
"CARI",2024-06-04 19:00:00,4.9933984225882,0.0138492069920118,6.28843657983099,0.0176777470557413,0.783426018504655
"CARI",2024-06-11 20:18:00,4.97568612193218,0.0140162728216251,6.22604784650864,0.0177075000067552,0.79154441995076
"CARI",2024-06-18 19:10:00,4.92365316134412,0.0139633140988426,6.17724242703601,0.0176606984962656,0.790643365651433
"CARI",2024-06-24 18:33:00,4.96587674958577,0.0143215695878824,6.19316465565644,0.0179256308643107,0.798943685513247
"CARI",2024-07-09 21:58:00,4.92661184758897,0.0136174395140357,6.44892894655549,0.0181585093972641,0.749920558792532
"CARI",2024-07-23 20:48:00,4.9444224986303,0.0142543404342836,6.21494213230003,0.0180050689615631,0.791684856343152
"CARI",2024-07-30 19:50:00,4.86791217948244,0.0136280382951289,6.26402093901457,0.0177832870217027,0.766339669291578
"CARI",2024-08-06 19:04:00,4.99531305271545,0.0140805246331589,6.423601261882,0.0183203965210671,0.768570954071185
"CARI",2024-08-20 21:46:00,5.05855067972667,0.0138984910190695,6.52675419101241,0.0182516178917871,0.761493644096265
"CARI",2024-08-27 20:34:00,5.00369525208829,0.0139361418646601,6.52316240883287,0.0184409716183774,0.755716247118562
"CARI",2024-09-03 18:30:00,4.90087234288783,0.0138660034919724,6.43856700643098,0.0184384628767115,0.752015153577997
"CARI",2024-09-24 21:33:00,3.85772951638018,0.0141135385519714,5.47586569857598,0.0189091277251734,0.746387604817027
"CARI",2024-10-01 21:04:00,3.62607228531574,0.0142424554812595,4.99572806759602,0.018307668477177,0.777950261608392
"CARI",2024-10-15 22:00:00,4.95622127613074,0.0141857920707521,6.24413677451844,0.0180094817349355,0.787684636323207
"CARI",2024-11-04 20:05:00,4.81585022838723,0.0139764758846647,5.89467843791815,0.0171399471074803,0.815432848014157
"CARI",2024-12-03 21:16:00,4.93962704056961,0.0143537997056659,6.21189041097251,0.0180693579071409,0.794372427588774
"CARI",2025-01-14 20:12:00,4.80104500087868,0.0142792708352784,6.38582643460899,0.0189134602910889,0.754979290701557
"CARI",2025-02-11 19:47:00,4.61718185613392,0.0139595699062095,5.70592079758771,0.0170996460120074,0.816366016957719
"CARI",2025-03-04 19:25:00,4.78716401108112,0.0140678152248491,6.03957413838486,0.0176813211219702,0.795631453543872
"CARI",2025-03-24 18:22:00,4.7815391418365,0.0142387759648031,5.93233874761863,0.0175598256161764,0.810872287460876
"CARI",2025-04-08 18:45:00,4.81087738344123,0.0141218163420485,5.99758301333868,0.0175562163913171,0.804376981194697
"CARI",2025-04-29 18:35:00,4.52451279278443,0.0130227309433284,5.79988423513649,0.0168739618699134,0.771764867298186
"CARI",2025-05-06 21:20:00,4.72031396630578,0.0132501766885995,5.88865161975676,0.0167630766148113,0.790438234762472
"CARI",2025-05-13 20:06:00,4.72217749003415,0.0133981951008577,5.78875393576491,0.016604962264259,0.806878985187239
"CARI",2025-05-19 21:40:00,4.8081062213034,0.0136696119545663,5.90891481555443,0.0169579591925191,0.80608826801497
"CARI",2025-06-03 17:59:00,4.76826086794033,0.0133522736380329,6.09974032184987,0.017256299158082,0.773762294899677
"CARI",2025-06-10 21:38:00,4.77366074513516,0.0135631677450804,6.13783437776701,0.0175402025764987,0.773261750309152
"CARI",2025-06-17 19:40:00,4.81967416418319,0.0133396832344663,6.29827602249248,0.0176499615774727,0.755791063675305
"CARI",2025-06-30 20:35:00,5.28510769744877,0.0154242864087027,6.37828717694821,0.0185118731682761,0.833210462738875
"CARI",2025-07-07 20:08:00,4.83783396650946,0.0134525227848646,6.10404221313391,0.0172060354113808,0.781849070005201
"CARI",2025-07-21 20:39:00,4.92166363133375,0.0136536623725069,6.28921542877107,0.017678197639839,0.772344706778111
"CARI",2025-07-29 21:23:00,4.91652420649687,0.0135905257548393,6.3221292618834,0.0177510157483012,0.765619610029358
"CARI",2025-08-06 21:57:00,5.01463008881977,0.013948191426497,6.36703079335402,0.0179127373276964,0.778674480138252
"CARI",2025-09-02 20:16:00,4.97854542661062,0.0139622942229224,6.45280364226975,0.0183401428400346,0.761296918170352
"CARI",2025-09-08 22:15:00,4.81743410404634,0.0139857618872068,6.07403026410028,0.0177358946711799,0.78855688683882
"CARI",2025-09-22 21:01:00,4.90903237228267,0.0139712552455227,6.20403194781324,0.0178175989950441,0.784126708060312
"COMO",2023-11-15 16:29:00,4.78889697015069,0.0135569326852367,6.06481324639725,0.0173573137843753,0.781050158662241
"COMO",2024-02-13 16:07:00,4.90602093079259,0.0131317242162208,6.55612588938371,0.0181001121067836,0.725505131611824
"COMO",2024-03-12 15:06:00,4.80178907865244,0.0129076544933555,6.54964226933546,0.0181704278484287,0.710366018952697
"COMO",2024-04-17 16:07:00,4.73329859406472,0.0124486190852391,6.61287195712985,0.0180997491242514,0.687778543215251
"COMO",2024-05-07 16:04:00,4.91382897602777,0.0125616849365452,6.6878040593224,0.0179154490468533,0.701164950077073
"COMO",2024-05-15 16:14:00,4.89833334358514,0.0126584776581037,6.58048029966534,0.0177519596606918,0.713074944966972
"COMO",2024-05-22 16:15:00,5.08538754130369,0.0135162583119568,6.87054404993904,0.0189446920891332,0.71345885424603
"COMO",2024-05-28 20:31:00,5.01919215351608,0.0132850046180861,6.42334394833293,0.0175830859153475,0.755555917888693
"COMO",2024-06-03 15:45:00,5.11726398315672,0.0135812911149116,6.65494124823103,0.0182883837156742,0.742618447100475
"COMO",2024-06-10 18:54:00,5.13093244343909,0.0136573189732395,6.56091580961837,0.0180121151604355,0.758229605551187
"COMO",2024-06-11 16:18:00,5.04812449866641,0.0134334401709476,6.47477476246637,0.017804637918097,0.754491061977373
"COMO",2024-06-13 16:20:00,5.09960599952615,0.013339178209929,6.58191154690147,0.0178763727122426,0.746190428262535
"COMO",2024-06-17 15:17:00,5.03175900076724,0.0130906206838286,6.59440030312739,0.0178746109968164,0.732358353765579
"COMO",2024-06-19 15:31:00,5.07640479416307,0.0132157140176043,6.62184098733725,0.0179330571892506,0.736947073671636
"COMO",2024-06-24 16:28:00,5.01597301583284,0.0131156844730839,6.5063610104657,0.0176757945692745,0.74201385525733
"COMO",2024-07-01 15:13:00,4.99039842090206,0.0129007262096465,6.42077337162047,0.0172884833943534,0.746203464779331
"COMO",2024-07-10 15:02:00,4.96846757889173,0.0134256076915633,6.49657485675952,0.0180338973464248,0.744465127734848
"COMO",2024-07-11 14:31:00,4.95492321541269,0.0132154082314368,6.5057914657266,0.0179140463740738,0.737712069929825
"COMO",2024-07-23 15:49:00,4.92609652107607,0.0134274809062535,6.35786774224523,0.0177680036192207,0.755711288336762
"COMO",2024-08-06 18:48:00,4.96570051596851,0.0135241561970719,5.84312123185751,0.016159630531139,0.83690998819629
"COMO",2024-09-10 15:39:00,4.93155351688023,0.0137136221600368,6.16566411162755,0.0174077157562832,0.787789871573871
"COMO",2024-10-08 14:57:00,4.83224384400551,0.0134834938349607,5.65225578940806,0.0159155416897273,0.847190381441029
"COMO",2024-11-19 16:24:00,4.83975207927214,0.0132101823952383,6.12926814058214,0.0170553865355427,0.774546057206549
"COMO",2024-12-10 18:45:00,4.77132910621229,0.0131121801281332,6.37740123262609,0.0179231777749591,0.731576748987702
"COMO",2025-01-14 17:24:00,4.84489533509008,0.0134726847255054,6.36510130960701,0.0180510816684674,0.74636439926147
"COMO",2025-02-03 16:33:00,4.7466241484247,0.013190807123294,6.37808059647482,0.0180752361998965,0.729772323714889
"COMO",2025-03-12 15:05:00,4.80656539182468,0.0130836701699118,6.39996031302329,0.0178922010327459,0.731249897425497
"COMO",2025-04-08 15:50:00,4.71849042504863,0.0128009012249338,6.46451651910151,0.0180604105236994,0.708782406033136
"COMO",2025-05-14 17:37:00,4.88263802743621,0.0135631909330092,6.41361735233973,0.0182235550512795,0.744267015675234
"COMO",2025-05-21 16:49:00,4.88685409710183,0.0134027027355252,6.38736961829814,0.017947681589655,0.746765127772852
"COMO",2025-05-28 17:56:00,4.98668846159527,0.0135237281250225,6.46673295224084,0.0180368061151075,0.749785080502424
"COMO",2025-06-02 18:31:00,5.07290135617188,0.0136060191205276,6.17019457537581,0.0170067846830091,0.800034772835154
"COMO",2025-06-03 17:35:00,5.42248250970938,0.0138736658109798,6.98804404762143,0.0186526510046691,0.743790564006529
"COMO",2025-06-05 14:34:00,5.02846551016402,0.0136038368100521,6.59600381348207,0.0183950946331319,0.73953611445683
"COMO",2025-06-09 18:14:00,5.05081829289136,0.0137561385800035,6.37240680683476,0.0177869301666771,0.773384639794389
"COMO",2025-06-10 16:54:00,5.04126976969318,0.0136035876930747,6.46962569834682,0.0179672346371183,0.757133079621016
"COMO",2025-06-11 16:26:00,5.01341394360783,0.0134024598076242,6.40372655355444,0.0176751718916827,0.758264750677242
"COMO",2025-06-16 15:27:00,4.94271823494808,0.0132430515464676,6.38011832635731,0.0176598078694448,0.74989782699623
"COMO",2025-06-17 15:55:00,4.91344588870157,0.0131371659452014,6.45111835623458,0.017853278357157,0.735840537653131
"COMO",2025-06-24 15:41:00,4.99989599908729,0.0131420537250088,6.48467100939839,0.0176907811389398,0.742875830173569
"COMO",2025-06-26 15:11:00,4.69432217905877,0.0129510165720683,6.07581708349458,0.0172232370719324,0.751950200649197
"COMO",2025-07-02 14:53:00,4.90889266233106,0.0129139270921393,6.38767544334982,0.0174453606613381,0.74024993480122
"COMO",2025-07-08 15:00:00,4.8715345227766,0.013181488960833,6.32971809003149,0.0176191245826593,0.748135294633546
"COMO",2025-07-09 17:28:00,5.03258917261104,0.0133757429505434,6.30586999252352,0.0172521050815182,0.775310774386165
"COMO",2025-07-22 16:56:00,5.03883645435953,0.0136285430938609,6.27182348110223,0.0173344977046668,0.786209287748314
"COMO",2025-08-13 15:50:00,4.92575957988774,0.0135923341799797,5.9581451015872,0.0167541350611651,0.811282356884287
"COMO",2025-09-10 14:39:00,4.83869644259995,0.0135010148328802,5.98296952230884,0.0169549666810123,0.796286721577569
"CRAM",2023-11-07 18:01:00,5.52740889824779,0.018679105114201,5.04851300239784,0.0169077402525097,1.10476650547245
"CRAM",2024-01-08 17:35:00,5.71693993953131,0.0194104031720024,4.85619847940209,0.0165041248392483,1.17609405897383
"CRAM",2024-02-05 17:20:00,5.6672609565058,0.0189387823097769,5.12765743191894,0.0170318214936614,1.11196458445887
"CRAM",2024-03-04 18:15:00,5.61048219902391,0.0187526020226107,5.11465163966218,0.0169645121619432,1.10540178483168
"CRAM",2024-04-10 17:03:00,5.58324172419413,0.0189440982488573,5.13190818568321,0.0173088166373248,1.0944768002225
"CRAM",2024-04-30 15:56:00,5.62823662969122,0.0188975105470381,5.02884374381895,0.0168298935938734,1.1228538339611
"CRAM",2024-06-04 15:01:00,5.92764597109989,0.0195653200673234,5.31833015241223,0.0174173540250298,1.12332332679274
"CRAM",2024-06-04 15:15:00,5.51661245254437,0.0177694501841969,4.76632172412665,0.0152488929911163,1.16529443773715
"CRAM",2024-06-26 15:29:00,5.67400101250764,0.0189208791043987,5.19777542877989,0.0171918001693502,1.10057579299526
"CRAM",2024-06-26 15:39:00,5.19585486329565,0.0165944623943578,4.72786062617836,0.0149274724781642,1.11167261695723
"CRAM",2024-08-06 16:08:00,5.6748305739906,0.0187329149040261,5.42856580748978,0.0176953564497297,1.05863450432569
"CRAM",2024-08-06 16:17:00,5.39813241416426,0.0172000823213021,4.21124938520455,0.0134455812142988,1.27923680257202
"CRAM",2024-09-04 16:18:00,5.73688622156017,0.0191258875600405,5.39949390282556,0.0178040056015018,1.07424632344685
"CRAM",2024-09-04 17:01:00,5.07792226382831,0.0156243528509422,4.26004094982546,0.01305414391069,1.1968883565124
"CRAM",2024-10-01 15:36:00,5.84792568562847,0.0193524308252906,5.37018903775274,0.0176176449789703,1.09846865732571
"CRAM",2024-10-01 15:39:00,5.1644863947794,0.0162595490524729,3.94788994755169,0.0124694700311189,1.30394868522041
"CRAM",2024-10-15 15:47:00,5.67604753747177,0.0188891023918769,5.22079429795393,0.0172374902691523,1.09581511559605
"CRAM",2024-10-15 16:00:00,5.10325327360696,0.0164450188139809,4.01294199581116,0.0130159151856108,1.26345466910856
"CRAM",2024-11-04 17:28:00,5.46057123804058,0.01849614752686,4.65714208541967,0.0158223535523952,1.16898838504718
"CRAM",2024-11-04 17:40:00,5.02858120009112,0.0160586395421143,4.03941194748896,0.0128737766790757,1.24739149531894
"CRAM",2025-02-10 18:25:00,5.69938372704454,0.0192884039205908,5.00072935567417,0.0169191287669579,1.14003529296732
"CRAM",2025-03-10 16:53:00,5.69674520368509,0.0193399688870441,5.0193563089622,0.0170256287722763,1.13593272505368
"CRAM",2025-04-29 16:19:00,5.29851618302746,0.0181199995465698,4.72759894221515,0.0161803927477456,1.11987390102719
"CRAM",2025-05-13 16:33:00,5.46030521226472,0.0183851834233515,4.67736273290304,0.01577943494811,1.1651357278515
"CRAM",2025-05-13 16:45:00,5.35395462868866,0.0181293340184667,4.7394580455059,0.0159925833698715,1.1336088485004
"CRAM",2025-06-02 15:03:00,5.78280679694131,0.0191582832599612,5.0096026765492,0.0165236567949196,1.15944572667787
"CRAM",2025-06-02 15:13:00,5.38731617705271,0.0178963264905037,4.90984717932901,0.0161956203080659,1.10501025277746
"CRAM",2025-06-24 14:46:00,5.60120166307853,0.0191817589489459,4.8029116161186,0.0164643823634592,1.16504576518568
"CRAM",2025-06-24 15:03:00,5.19633977980792,0.0171051342928824,4.69618976529726,0.0153162795741503,1.11679433703673
"CRAM",2025-08-05 16:00:00,5.7237486653499,0.019134022193647,4.95311263319879,0.016472217726862,1.16159356990797
"CRAM",2025-08-05 16:10:00,5.3415490477982,0.0175736947745127,4.60787795240386,0.0151526868952145,1.15977416388527
"CRAM",2025-09-03 14:40:00,5.74784358002119,0.0193501052061256,4.88863647212247,0.0164479281795559,1.1764463581606
"CRAM",2025-09-03 14:54:00,5.21929363466099,0.0171176550188689,4.08550765416111,0.0135073270367588,1.26728663430485
"CRAM",2025-09-30 14:42:00,5.6240608858614,0.0189095777569315,4.98590972043864,0.0167192691912465,1.131005042184
"CRAM",2025-09-30 14:58:00,5.08885721250913,0.0168258374444268,4.02783696572946,0.0134498038966275,1.2510098715005
"CUPE",2023-11-06 11:59:00,5.05442080736554,0.0152448318957924,5.2241369610664,0.0151031940237075,1.00937800784804
"CUPE",2023-11-13 11:56:00,4.95327800556677,0.0156929768730931,4.22060863151111,0.0127329499342592,1.23246984823758
"CUPE",2023-12-18 14:16:00,4.84188065853301,0.0158557821170492,3.9552216274157,0.0122907477661664,1.29005837713931
"CUPE",2024-01-08 12:02:00,5.31468685909065,0.0165363096188449,4.14064474437891,0.012028884307223,1.37471682298211
"CUPE",2024-02-05 11:35:00,4.90586920293239,0.0154332943344542,4.20809752045538,0.0125007451498081,1.23458995039916
"CUPE",2024-02-29 11:45:00,4.83685898953991,0.0141978131898161,4.6868934499039,0.0132037663516508,1.0752850975768
"CUPE",2024-03-05 13:24:00,5.18198969327015,0.0149945183021922,4.83038684371538,0.0131705716590952,1.13848652057843
"CUPE",2024-04-01 11:25:00,4.93640665125874,0.0148545667620225,4.6073667684258,0.013247516243318,1.12130957148402
"CUPE",2024-04-30 11:44:00,4.88256450121339,0.014107211578874,5.59125502787629,0.0160802110441648,0.877302638636276
"CUPE",2024-05-07 15:30:00,4.91681940371604,0.0148696295346498,5.29398083173496,0.0157285193303944,0.94539283846733
"CUPE",2024-05-23 13:04:00,5.06349651659403,0.0155244194040454,4.54482386430764,0.0131327443286966,1.18211540676405
"CUPE",2024-06-03 12:23:00,5.19577888646353,0.0152932218259681,4.74456290182666,0.0131332153126173,1.16446897899219
"CUPE",2024-06-24 12:16:00,5.085977769531,0.01497330784387,4.87701691733043,0.0137180842202019,1.09150137902052
"CUPE",2024-07-08 13:42:00,5.16952181704359,0.0149615989333322,4.9173963167193,0.0135099156159651,1.10745317429308
"CUPE",2024-07-17 12:03:00,5.01802854751847,0.0149531580518856,5.10478440658517,0.0147675749963398,1.0125669282595
"CUPE",2024-08-06 13:24:00,5.09557901210097,0.0154259198723002,4.46709314215658,0.0126771402660836,1.21682962785942
"CUPE",2024-08-12 12:14:00,5.17535171502261,0.015081194484999,4.92598091544354,0.0136877830309666,1.10179964504698
"CUPE",2024-08-28 13:18:00,5.26464581454056,0.0149928172457628,5.18809533848728,0.0142457941751391,1.05243814851174
"CUPE",2024-09-03 11:30:00,5.2997612242644,0.0151445993552934,5.08515565415053,0.0139387102599921,1.08651367829651
"CUPE",2024-09-12 11:36:00,5.33780090398995,0.0152812261918013,5.28768150735363,0.0146334258486524,1.04426853628459
"CUPE",2024-10-03 12:46:00,4.82507337616361,0.0147771551523043,4.61717643529645,0.0136387024891629,1.08347221182118
"CUPE",2024-10-07 12:28:00,4.95500403803866,0.0142187619010995,5.51673347900744,0.0156740110352019,0.907155282024868
"CUPE",2024-10-14 12:46:00,5.5647456857757,0.015759666032926,5.00271405929547,0.0132269999798584,1.19147698321042
"CUPE",2024-10-28 14:32:00,5.07536895617502,0.0143791712542386,5.30024500593121,0.0147712646368084,0.973455665969671
"CUPE",2024-11-04 12:40:00,5.36647133568874,0.0155374061212057,4.86439459651329,0.0133531639172544,1.16357488139039
"CUPE",2024-11-11 13:24:00,4.65335596898949,0.0131524913001931,5.36188686286516,0.0152509544403413,0.862404471250833
"CUPE",2024-11-18 12:20:00,5.08195160565184,0.0154304957252978,4.70381503707105,0.0137161381998995,1.12498835316567
"CUPE",2024-12-05 15:27:00,5.26994390471113,0.0160251457137432,4.32414745093061,0.0122672681870718,1.30633368973148
"CUPE",2025-01-13 12:02:00,5.23124349114394,0.0158686929974776,4.31616349988982,0.0121435040975021,1.30676391839336
"CUPE",2025-02-03 13:35:00,5.27524514202519,0.0159440693693166,4.40675412102222,0.0123855697687364,1.28731012517183
"CUPE",2025-03-03 12:11:00,5.04895502315524,0.0141666230169154,4.45189699094716,0.011741874979292,1.20650433102888
"CUPE",2025-03-11 11:42:00,4.93968559666529,0.0144100702620778,4.88553909102381,0.0138623100955613,1.03951434953774
"CUPE",2025-04-01 12:59:00,4.9881109776158,0.0148907835204682,4.72344697196752,0.0135509824107983,1.09887114225771
"CUPE",2025-04-28 12:16:00,4.84633557361697,0.0144254291843515,4.88496009043601,0.0141443602743206,1.0198714473175
"CUPE",2025-05-06 12:19:00,4.8999632541079,0.0142394793283683,5.36066952002857,0.0153822052444464,0.925711177434024
"CUPE",2025-05-22 13:48:00,5.24190935003356,0.0150707169685765,4.90025808425307,0.0134524005616091,1.12029945135486
"CUPE",2025-06-03 11:42:00,5.20862727338012,0.0149784968793052,4.81239947453381,0.01314329341781,1.1396304109751
"CUPE",2025-06-23 11:32:00,5.23330414074922,0.0147805306492764,4.78376949521837,0.0128230771502764,1.15265084004878
"CUPE",2025-06-30 12:47:00,4.81496521698572,0.0153939680696719,4.02930707534027,0.01234822900429,1.2466539180901
"CUPE",2025-07-21 13:24:00,5.20198177673391,0.0146839868603047,5.17777618766067,0.0142792550579309,1.02834404180973
"CUPE",2025-08-05 12:24:00,5.18549324746852,0.0148167822476342,5.11677180739404,0.0141178877028618,1.0495041864252
"CUPE",2025-08-11 11:18:00,4.84819997590247,0.0140163432510505,5.19471655811916,0.0147592148505696,0.949667268412291
"CUPE",2025-09-02 12:42:00,5.18764393142028,0.0151517091764581,4.91562505060045,0.0137703580337237,1.10031337887885
"CUPE",2025-09-10 11:08:00,5.21467434090195,0.0150657857370942,4.61595877527925,0.0125170818832706,1.20361805391958
"CUPE",2025-09-22 11:57:00,5.20259312395073,0.0151311636648303,4.89394885236494,0.0136263201210604,1.11043653241671
"FLNT",2023-11-07 15:31:00,5.33743492837641,0.0163836380334606,5.56665662832674,0.016967063442403,0.965614237789415
"FLNT",2023-12-19 16:40:00,4.90049282878972,0.0138827685203808,5.76229680080327,0.016351490569835,0.849021589872148
"FLNT",2024-01-10 14:17:00,4.86057281766113,0.0137202978782468,5.91756112653433,0.0167695368622414,0.818167966769536
"FLNT",2024-01-23 19:28:00,4.54856046414411,0.011801231132,4.74115578598081,0.0123913215034154,0.952378737711494
"FLNT",2024-01-30 14:26:00,4.58606524377309,0.0118946791845739,4.78480661007973,0.0124785400639993,0.953210802190729
"FLNT",2024-02-27 15:23:00,4.79730852250958,0.0126618511339252,5.36996416571694,0.0143961212099684,0.879532128776303
"FLNT",2024-03-26 16:25:00,4.76083516162968,0.012237707115367,5.53093646176434,0.0144981293829821,0.844088695313456
"FLNT",2024-04-02 14:48:00,4.85716275310017,0.0132568643107757,6.05986386862273,0.0168131443275799,0.788482157321959
"FLNT",2024-04-23 17:04:00,4.95730529120683,0.0140566985211521,6.06544828243991,0.0173401770464441,0.810643310244327
"FLNT",2024-04-30 17:37:00,4.96177324126263,0.0142153616067011,5.90536673641151,0.0169525711680807,0.838537202749909
"FLNT",2024-05-07 12:14:00,5.25079054063828,0.0154489421706506,6.10896614537313,0.0179636852514759,0.860009622434313
"FLNT",2024-06-11 15:39:00,4.4999796875044,0.0142097730656953,5.42901543040922,0.0168782411758287,0.841898922859635
"FLNT",2024-06-18 16:10:00,5.44142257817245,0.0159878189575839,5.96350175746254,0.0174654794148738,0.915395368074955
"FLNT",2024-07-17 17:14:00,5.32661444453699,0.0177256091533176,5.21271645699515,0.017237636481158,1.0283085603234
"FLNT",2024-07-30 12:35:00,5.31952191187242,0.0162216671444116,5.41552362920898,0.0163864773486619,0.989942304209528
"FLNT",2024-08-13 15:52:00,5.02450170324928,0.0151939734415069,5.41820367287052,0.0163251306091827,0.93071068190783
"FLNT",2024-09-10 15:19:00,5.78426044676228,0.0177914021834786,5.86548692573208,0.017899413092732,0.993965673137222
"FLNT",2024-09-24 16:57:00,4.31292785205722,0.015175550952478,5.26133439369346,0.0179496439276903,0.845451364584855
"FLNT",2024-10-15 15:44:00,4.85504735469016,0.0135473830802517,5.71644682589587,0.0161056299467621,0.841158223865391
"FLNT",2024-11-05 16:10:00,5.18604769045062,0.0157467252712099,5.80244182125904,0.0175289599097065,0.898326275621768
"FLNT",2024-11-19 16:35:00,5.03610863413852,0.0145335737193857,5.48265556663339,0.0157987130612038,0.919921367207757
"FLNT",2024-12-10 16:31:00,4.7919864139536,0.0137458254156974,5.68658836040652,0.0163888766128102,0.838728958698313
"FLNT",2024-12-17 13:22:00,4.60088948535466,0.012337787478732,4.82348697986197,0.0130096488316125,0.94835668805695
"FLNT",2025-02-04 18:06:00,5.0112145929974,0.0149570721810085,5.75901077847926,0.0171648839018129,0.871376250871628
"FLNT",2025-02-11 14:35:00,4.68392665192475,0.0137642169802338,5.00355536847327,0.0147122685536247,0.935560476622942
"FLNT",2025-03-12 15:58:00,4.70045214668942,0.0129653480018705,4.86693172713647,0.0133838370472552,0.968731758769397
"FLNT",2025-03-18 16:18:00,4.90129624645913,0.0140979822740822,5.15851524744056,0.014890901690323,0.946751416889951
"FLNT",2025-03-25 16:54:00,4.70887996143608,0.0126299278797161,5.21520302004014,0.0140710653539217,0.897581495220337
"FLNT",2025-04-08 13:58:00,4.99203137792475,0.0145284217913547,5.76631667402283,0.0167616133067657,0.866767507724951
"FLNT",2025-04-22 13:22:00,4.38364935276974,0.0103723218571146,3.52893136946982,0.00777568566274587,1.33394305106873
"FLNT",2025-04-29 13:10:00,4.91577872994669,0.014723968917472,5.58398933499668,0.0166896830433131,0.882219804849515
"FLNT",2025-05-06 14:00:00,5.10538650816,0.015091354602069,5.47794999354836,0.016184305147506,0.932468491203319
"FLNT",2025-05-20 18:01:00,5.11759174441565,0.0152230385749021,5.69738686961064,0.0169147392052414,0.899986596907444
"FLNT",2025-06-03 15:11:00,5.10008604463899,0.0141275477841873,6.1154663235235,0.0170154657220679,0.830276879572259
"FLNT",2025-06-10 16:21:00,4.97947485236942,0.0142385192953501,5.84554087377208,0.0168034135359584,0.847358738442069
"FLNT",2025-07-22 16:35:00,5.45165843961632,0.0163753899393448,5.81926923511292,0.0173638840328132,0.943071832799596
"FLNT",2025-08-12 16:10:00,5.05039700801198,0.0143055078105661,5.65775479964998,0.0160713034242109,0.890127417357777
"FLNT",2025-08-26 14:28:00,5.44263974384231,0.0157756828413392,6.00550736448582,0.017362328541994,0.908615615882555
"FLNT",2025-09-09 16:34:00,4.75229333862654,0.0162405251330781,4.88042015667802,0.0165437339922806,0.981672283938804
"FLNT",2025-09-23 13:10:00,5.51265718771425,0.0165963165566472,5.10289276072697,0.015289723039809,1.08545566936931
"GUIL",2023-11-15 12:20:00,3.79076296118559,0.0141225372308278,3.8340203850489,0.0143669365503546,0.982988765999609
"GUIL",2023-12-14 12:38:00,4.24229497205399,0.0129506317333168,4.55950866501372,0.0140842666452306,0.919510547444961
"GUIL",2023-12-20 13:47:00,1.14664539028371,0.0145701007313953,1.81802715304778,0.0165715062518913,0.879226095077051
"GUIL",2024-01-23 12:58:00,4.36919175053754,0.0138044504449727,4.00503572500781,0.0129112134186602,1.06918304247233
"GUIL",2024-02-19 12:39:00,4.63603842489839,0.0142283003389024,4.76983440017659,0.0147420298754032,0.965152048880461
"GUIL",2024-02-26 12:42:00,4.39826948749447,0.0135539847605044,4.82930438444062,0.0150468593189918,0.900784972675116
"GUIL",2024-03-26 12:43:00,4.58876151481364,0.0140159750096533,4.87993724702642,0.0149774475531268,0.935805313951996
"GUIL",2024-04-08 12:38:00,4.33931998237534,0.0137558468435919,4.65319018019366,0.014801737739885,0.929339992731067
"GUIL",2024-04-23 14:00:00,4.76399995771128,0.0143112614600325,5.04778627433368,0.0152264144554307,0.939897012650157
"GUIL",2024-05-06 12:18:00,4.60841910593074,0.0144833691300487,4.71021363232219,0.0148917086262059,0.972579406003237
"GUIL",2024-05-22 13:38:00,4.33469346887512,0.0141531862676148,4.32878911340461,0.0142091562922566,0.996060988879948
"GUIL",2024-05-28 14:23:00,4.68543428977086,0.0146053866361965,4.68343842553211,0.0147015155332469,0.993461293372575
"GUIL",2024-06-12 12:14:00,4.57147095547679,0.0139562525657673,5.09986683805669,0.0156366687940531,0.89253361758708
"GUIL",2024-06-25 14:15:00,4.69467103821635,0.0143090604082908,5.11565148469082,0.0156408527188989,0.914851681392096
"GUIL",2024-07-18 12:37:00,4.47672311484644,0.0138202441575222,5.09353288671152,0.0157608669711147,0.876870808112956
"GUIL",2024-07-23 13:14:00,4.41303831784861,0.0138732248067215,4.40749347966802,0.0140188684987483,0.989610881075042
"GUIL",2024-08-22 13:26:00,4.73504267571888,0.0141355381944692,5.24014194102864,0.0157384047552732,0.898155716177843
"GUIL",2024-08-27 14:23:00,4.34161393442366,0.0138714740371672,4.64651352961735,0.0148560385051189,0.933726311518888
"GUIL",2024-09-09 12:28:00,4.44034367730919,0.0121206750207186,5.71925584336946,0.0160064778267132,0.757235611227999
"GUIL",2024-09-17 13:28:00,4.70222541662215,0.0140154745705502,4.87372919587286,0.0146344451168891,0.957704542851123
"GUIL",2024-09-24 13:37:00,4.48512393615969,0.0134607099538914,4.77178097705713,0.0145059246851817,0.927945666755177
"GUIL",2024-09-30 13:32:00,4.66367535865567,0.0135911206995397,5.0452343315792,0.0148814660213658,0.913291787249083
"GUIL",2024-10-09 14:15:00,4.72464596112627,0.0137206585088169,5.37368575365759,0.0157754823869498,0.86974573406182
"GUIL",2024-10-15 12:36:00,4.44763849158521,0.0137361985293989,4.87215538650289,0.0152105705670508,0.903069248378775
"GUIL",2024-10-23 12:27:00,4.40802276040498,0.0136320352696684,4.76265309751149,0.0149107105173121,0.914244512616681
"GUIL",2024-11-14 12:23:00,4.65852595447555,0.0136892499511358,5.39607575643297,0.0160793791505076,0.851354385203593
"GUIL",2024-11-19 12:49:00,4.69116564078632,0.0139672558635464,5.27882864364964,0.0158729664880276,0.879939857120052
"GUIL",2024-12-02 12:42:00,4.36939569580853,0.0133694366835198,4.47533907300488,0.0139534128365563,0.958148149139067
"GUIL",2024-12-16 12:58:00,4.51413391383799,0.0134590304805324,4.97656699708354,0.0150794334579397,0.892542184563699
"GUIL",2025-01-30 13:18:00,4.49683357762564,0.0135159832433279,4.82816855262636,0.0147328096553412,0.917407036371219
"GUIL",2025-02-13 14:46:00,4.51788132643047,0.0141666228831379,4.62072268394755,0.0146118466990215,0.969529942035771
"GUIL",2025-02-24 13:22:00,4.34484143525716,0.0136644846762357,4.26403959422543,0.0136835648844007,0.998605611306248
"GUIL",2025-03-25 12:33:00,4.55910460133378,0.0139102298621847,4.80174572688693,0.0147734132031539,0.941571840637011
"GUIL",2025-04-14 12:38:00,4.60158377653788,0.0137495740500209,4.83875860148794,0.0145810837534134,0.942973395019571
"GUIL",2025-04-22 12:53:00,4.79036471156769,0.0143730624628282,4.384278707965,0.0132375415760796,1.0857803452569
"GUIL",2025-05-05 13:36:00,4.50757901616051,0.0132978987892695,4.44843251171352,0.0132503641438785,1.00358742181534
"GUIL",2025-05-20 12:57:00,4.60508102305506,0.0141070869138243,4.4196703939096,0.0136538403715793,1.03319553546183
"GUIL",2025-05-27 14:49:00,4.71203508489033,0.0145717886631731,4.71285603599236,0.0146500017047412,0.994661226452768
"GUIL",2025-06-11 12:32:00,4.61230639150522,0.0145634256269173,4.70712179606559,0.0149335069769763,0.975218054899661
"GUIL",2025-06-24 15:04:00,1.55827322627121,0.0144012593990018,1.23344988475744,0.0134950452430115,1.06715162044081
"GUIL",2025-07-16 12:36:00,4.71390076265551,0.0142340510397,4.62773214425354,0.0141017676677524,1.00938062341291
"GUIL",2025-07-22 12:41:00,4.77226383860957,0.0143667812806644,4.62267236456421,0.0140523324794359,1.02237698273142
"GUIL",2025-08-26 12:35:00,4.85350109615608,0.0141183709862868,5.18091551718738,0.0152040989620999,0.928589784996828
"GUIL",2025-09-08 12:27:00,4.4414932989028,0.0138050444645053,4.60254641864409,0.0144041155206499,0.958409729824387
"GUIL",2025-09-15 13:30:00,4.3917171276892,0.0132306113974258,4.25894582516286,0.0129446962040279,1.022087439434
"GUIL",2025-09-24 12:12:00,4.64482871518727,0.0133950163256697,4.76428730875439,0.0139454322400814,0.960530738313746
"GUIL",2025-09-30 13:17:00,4.34429882704652,0.0137694965809932,4.58838642083782,0.0146286418100276,0.941269651674328
"HOPB",2023-11-14 15:34:00,4.60902725059953,0.013333577726084,5.92697553361162,0.017203921575683,0.775031301289495
"HOPB",2024-01-02 15:54:00,4.74932229564806,0.0129504237042675,5.77941022491435,0.015955651190081,0.811651216862793
"HOPB",2024-01-17 15:46:00,4.6993565660523,0.0132652193559345,5.51965541890047,0.0157069529827455,0.844544411032918
"HOPB",2024-01-23 14:53:00,4.42806167352708,0.012334710314909,4.73086504701156,0.0132345566590991,0.932007821087723
"HOPB",2024-02-12 15:35:00,4.67900117190743,0.0129623238471106,5.79540547367348,0.0162921775689733,0.795616411141745
"HOPB",2024-02-20 15:20:00,4.66695969201786,0.0136328299159674,5.68553186657122,0.0166359268161654,0.819481238804212
"HOPB",2024-03-05 15:34:00,4.6435743936799,0.0132472375509995,5.77850210941456,0.0166451684049563,0.795860830525149
"HOPB",2024-03-12 15:12:00,4.76263513562891,0.0135012729390176,5.31190218230944,0.015179658128519,0.889431950621594
"HOPB",2024-03-19 14:11:00,4.60879261493949,0.0130624386592953,5.75983278526323,0.0165003300230021,0.791647115002291
"HOPB",2024-03-27 14:19:00,4.72458994682296,0.0134745128634869,5.49457818906749,0.0157896806429865,0.853374629174153
"HOPB",2024-04-02 14:31:00,4.75651354928324,0.0133583352304967,5.74118248157468,0.0162895786757392,0.820054066247388
"HOPB",2024-04-16 13:30:00,4.55449848541452,0.0128258200246518,5.39083748706444,0.0153771864477259,0.834081063415122
"HOPB",2024-04-24 13:00:00,4.70288020289839,0.013262602785499,5.73715819656657,0.016348659813339,0.811234861873994
"HOPB",2024-05-08 13:32:00,4.56589163787006,0.0125719658982089,5.7714969125191,0.0162362691512009,0.774313715862434
"HOPB",2024-05-14 13:45:00,4.68154105164147,0.0130723089128823,5.79833651455092,0.0163477521080223,0.799639536157836
"HOPB",2024-05-28 13:35:00,4.78043252179631,0.0124592968099551,6.2208163448944,0.016753934869179,0.743663915804973
"HOPB",2024-06-03 15:10:00,4.79097798198612,0.0120566530619914,6.11141256770788,0.0159151208149497,0.757559631634467
"HOPB",2024-06-24 16:00:00,4.77161488674234,0.0118157246188031,6.30962268753732,0.0163555723747732,0.722428072100228
"HOPB",2024-07-08 14:13:00,4.75578529380869,0.0121810258706678,6.24424270709693,0.0165645843092064,0.735365623627376
"HOPB",2024-07-29 16:37:00,4.71019500070402,0.0135909161812821,5.99413897308405,0.0173285055852693,0.784309767187053
"HOPB",2024-08-06 12:41:00,4.77984093284743,0.0118874365037137,6.21664460142262,0.0161440061608084,0.736337460807712
"HOPB",2024-09-10 13:06:00,5.00560445245612,0.0142491836985466,6.05747916459223,0.0172829514117331,0.82446472012142
"HOPB",2024-09-17 12:55:00,4.65923866938922,0.0121245853527778,6.07481022779587,0.0161875058348132,0.749008863780757
"HOPB",2024-10-14 16:20:00,4.42273615338227,0.0117490667569893,5.61044969846829,0.0152954235033438,0.768142624780592
"HOPB",2024-11-12 14:05:00,4.84906084129185,0.0145993578059447,5.68314801738486,0.0170389284663755,0.856823704304819
"HOPB",2024-11-19 13:47:00,4.87902259423692,0.0151372289236275,5.3668893153982,0.0165078842688538,0.916969653839139
"HOPB",2024-12-10 15:34:00,4.37507863991156,0.0120268446450251,5.39663232398724,0.0151518508324081,0.793754160996689
"HOPB",2024-12-17 14:52:00,4.60701248916487,0.0129663910085741,5.60881499260452,0.0160223780520395,0.809267573543716
"HOPB",2025-01-14 15:10:00,4.69098907287498,0.0131674721232465,5.95295135577586,0.0168819385587285,0.7799739394525
"HOPB",2025-01-28 15:14:00,4.7337092691007,0.0141391206707065,5.69178977345037,0.016971502729045,0.833109530513694
"HOPB",2025-02-11 19:15:00,4.41521826980512,0.0126698135461033,5.54913413155027,0.0160249629861414,0.790629816559347
"HOPB",2025-02-18 16:35:00,4.69655602892014,0.0136354456509641,5.64836377203389,0.0164865360814945,0.827065526898003
"HOPB",2025-03-04 19:11:00,4.71449019168896,0.0137324152918364,5.70714180189802,0.0166810472645752,0.82323460116316
"HOPB",2025-03-10 19:18:00,4.83332259097479,0.0142259081250657,5.3989204300567,0.0159089540341405,0.894207632666294
"HOPB",2025-03-18 14:04:00,4.67203647058839,0.0131472387350502,5.70048521141093,0.0162639728793016,0.80836575617893
"HOPB",2025-03-31 14:02:00,4.79124210590289,0.0136652805524701,5.96917708821179,0.0171860113694037,0.795139736541687
"HOPB",2025-04-08 14:26:00,4.74480385147378,0.0135238837892409,5.85024002346506,0.0168360332922074,0.803270197588677
"HOPB",2025-04-15 18:42:00,4.91651072239523,0.0141611970355491,5.80050559808815,0.016752071246778,0.845340067322883
"HOPB",2025-04-22 18:04:00,4.80482982809879,0.0142656767636241,5.66594341210956,0.0167827374789731,0.850020849190867
"HOPB",2025-04-29 12:41:00,4.66749892445904,0.0134392464768987,5.80046381124508,0.0168184860340768,0.799075876964712
"HOPB",2025-05-13 13:14:00,4.8111459110728,0.0134295015570497,5.92027256703842,0.0167500223556343,0.801760216906955
"HOPB",2025-05-21 13:02:00,4.66038504091518,0.0131937484955453,5.86090180814152,0.0167720645251196,0.786650234727213
"HOPB",2025-06-03 14:47:00,4.85413055183241,0.0134247800283584,6.01987962813612,0.0168948474591984,0.794607945456723
"HOPB",2025-06-17 14:07:00,4.70123537320037,0.012968337920058,6.01405031889895,0.0168618599760181,0.769092967116457
"HOPB",2025-07-07 15:54:00,4.7985380837644,0.0122686233868408,6.0589088895572,0.0159074739383573,0.771249001216828
"HOPB",2025-07-15 13:23:00,4.87970350216066,0.0128082052996766,6.25540583388657,0.0168247382505149,0.761272187951253
"HOPB",2025-08-05 12:43:00,5.09705365594041,0.0147022320515793,6.24793192754015,0.0180400327042451,0.814978126293508
"HOPB",2025-09-09 13:39:00,4.82586029889576,0.0143160754013317,5.39484292252021,0.0159245794138123,0.898992370807265
"HOPB",2025-09-16 14:41:00,5.0587345881954,0.0155776377536993,5.66739488071393,0.0173351752665616,0.898614378808589
"KING",2024-04-16 14:39:00,4.60138389620097,0.0147824414287361,4.81818527782452,0.015465071200589,0.95585990112823
"KING",2024-05-06 14:20:00,4.91296227753592,0.0160629723994651,5.3505186143382,0.0175028753858069,0.917733346401507
"KING",2024-05-14 13:55:00,4.93094566786678,0.0163340136339299,5.36944465275584,0.0177689741879506,0.919243478050985
"KING",2024-06-19 13:49:00,4.7073091217803,0.0154372312509947,4.26881247105089,0.0141899363617738,1.08789996356721
"KING",2024-07-01 15:20:00,4.46105113486959,0.010046591487487,3.70103447123457,0.0078017020267937,1.28774355300722
"KING",2024-07-11 15:23:00,5.12521848129104,0.0172742483782745,4.91710386167307,0.0167267030848252,1.03273480079563
"KING",2024-07-15 15:21:00,5.00464918535276,0.0168918794276292,5.08088934153241,0.0172281490921571,0.980481381793886
"KING",2024-08-06 12:52:00,5.03085437421137,0.0172727386257135,4.68430937577778,0.0163101351271807,1.05901873228068
"KING",2024-08-20 13:02:00,4.78804374929578,0.0158607186085798,2.37701382773599,0.00858961650928658,1.84649903653232
"KING",2024-09-03 13:25:00,4.93471119090433,0.0175870830175288,4.54181085331486,0.016509753013137,1.06525415634835
"KING",2024-10-02 13:09:00,4.92410113950725,0.0171061885319906,4.13851713087741,0.0147689026455041,1.15825724785301
"KING",2024-10-28 14:01:00,5.65594953403437,0.0194338943191742,3.48479296419184,0.012250395317597,1.58638915849994
"KING",2024-11-05 14:19:00,4.52124689145997,0.0163640848015757,3.17963853541535,0.0120366494488569,1.35952159038159
"KING",2025-04-09 16:28:00,5.19184931148619,0.0182749552136653,4.50391450174125,0.0163431470904644,1.11820294540016
"KING",2025-04-15 14:29:00,5.05484029559837,0.0176388877586454,3.68756545715687,0.0135774782739639,1.29912840976293
"KING",2025-04-17 14:18:00,4.47857825257536,0.0143921579354402,3.19804570358988,0.0106407177114061,1.35255518713863
"KING",2025-04-30 15:00:00,4.39034366214132,0.0152052441948439,3.14545721819068,0.0114545867602653,1.32743716670681
"KING",2025-05-12 13:32:00,4.59649380215649,0.0160332238090294,3.34732955628004,0.0124580692639015,1.28697500948138
"KING",2025-05-14 14:15:00,4.32444903866582,0.0151939782786187,4.48928711912357,0.0162371043809354,0.935756642450272
"KING",2025-05-19 14:06:00,4.47157174970576,0.0149826010676509,2.83571617352225,0.0101714970405999,1.47299861641284
"KING",2025-05-21 13:41:00,4.82212529735778,0.0163000337457195,3.77944467321954,0.0133531791115122,1.22068562172335
"KING",2025-06-03 14:58:00,4.53572946651131,0.0139127414609226,3.99984060655411,0.0124341293560242,1.11891561222838
"KING",2025-06-05 13:14:00,4.88151599268283,0.0163105146721512,3.19881229765884,0.0113149079167127,1.4415066204878
"KING",2025-06-18 13:42:00,4.53126549891221,0.0151377483983228,2.07292271316613,0.00781332198798243,1.93742794954643
"KING",2025-06-30 15:09:00,5.00675858267898,0.0154569799477652,5.20272414549166,0.016176052335981,0.955547103008788
"KING",2025-07-02 13:26:00,4.76140687584035,0.0156010023646128,4.83321676184813,0.0159091403782119,0.980631385085955
"KING",2025-07-15 14:43:00,5.09614681705283,0.0160857036654008,4.97459322002002,0.0158859451054179,1.01257454678694
"KING",2025-08-05 13:13:00,5.04661297656278,0.0169629166217963,5.09974900497813,0.0172406697944419,0.983889653014806
"KING",2025-08-11 14:20:00,4.82228413279868,0.0159537680784064,5.06715973804197,0.0165629451554306,0.963220485770643
"KING",2025-09-02 13:17:00,4.69957750447601,0.0155522273046468,4.60146475329106,0.0153922952401158,1.01039039740572
"LECO",2023-11-06 17:25:00,4.47802512810018,0.0127671095015531,4.95865680511739,0.0142296976385101,0.897215796560652
"LECO",2023-11-15 17:54:00,4.0482829398978,0.01263153567929,4.22007786873605,0.0132259735236373,0.95505526732797
"LECO",2024-01-08 17:06:00,4.71701326885393,0.0140521830977727,4.81726627643766,0.0144162262032112,0.974747683595761
"LECO",2024-01-23 19:21:00,4.69834695075854,0.0139915311578345,4.85050260337807,0.0144645629487482,0.967297194350785
"LECO",2024-02-06 17:11:00,4.67809698012745,0.0136465651606903,4.91993776900842,0.0144379270942559,0.9451886736649
"LECO",2024-02-14 16:30:00,4.75988406611649,0.0143062486860167,5.41750203155811,0.0163431489586581,0.875366719241561
"LECO",2024-02-20 17:17:00,4.60242934689135,0.0138090317708205,4.66956736334259,0.0140924122347027,0.979891273462443
"LECO",2024-03-05 16:16:00,4.66806457891493,0.0136081827129265,5.06455613502192,0.0148695280893315,0.91517246755733
"LECO",2024-03-11 16:02:00,4.68149229979403,0.0139792883606309,5.28187316588204,0.0158927387562931,0.879602224323701
"LECO",2024-03-26 13:08:00,4.50464641513392,0.0132394629456889,5.17536222391591,0.0153561091940267,0.862162594600388
"LECO",2024-04-08 15:59:00,4.48605732216225,0.0137314098302382,5.0455969444293,0.0154506634013852,0.888726229645722
"LECO",2024-04-15 17:59:00,4.55586540167059,0.014201299774284,4.96260266875688,0.0154486229267113,0.919259913434053
"LECO",2024-04-29 15:41:00,4.1441965701959,0.0119388620059154,4.15839572124393,0.0120846787674163,0.987933749476734
"LECO",2024-05-07 15:29:00,4.69331644985705,0.0138951745165947,5.63607302681968,0.0168325935176582,0.825492191801457
"LECO",2024-05-15 15:32:00,4.57506764540469,0.0132504121391259,5.36855004744587,0.0157292701625484,0.842404765268463
"LECO",2024-06-04 15:00:00,4.42821836957723,0.0132669529585028,4.96697311511627,0.0149764575294696,0.88585387648561
"LECO",2024-06-11 15:14:00,4.45470429615632,0.0130136241614845,4.94774601634909,0.0146060845404452,0.890972808314842
"LECO",2024-07-09 15:25:00,4.66596658665123,0.013419188457968,5.53357827154051,0.0160188551373706,0.837712080101295
"LECO",2024-07-15 15:30:00,4.40928116194759,0.0127482241566063,5.10652902978272,0.0149456686401324,0.852971149271604
"LECO",2024-08-06 15:21:00,4.74458905943883,0.0133771156364996,5.58583837652249,0.0160124046993816,0.835422029835168
"LECO",2024-08-13 14:47:00,4.12643133930507,0.0130411749718495,4.8003144518298,0.0151634006909247,0.860042891279306
"LECO",2024-09-10 15:13:00,3.21285940915125,0.0131047308350735,3.77681770745493,0.0148942823326403,0.879849766668842
"LECO",2024-09-23 15:47:00,4.63475874826741,0.0130626226781657,5.22282371437363,0.0149561073443717,0.873397226791199
"LECO",2024-10-08 15:07:00,4.41817579911637,0.013456749110888,5.10301862038578,0.0155879638590324,0.863278182614628
"LECO",2024-11-04 17:11:00,4.45564230378385,0.0121857669628904,4.80722164135291,0.0133620992918371,0.911965006152495
"LECO",2024-11-11 16:33:00,4.48546981547151,0.0124473172954784,4.93293582551322,0.0139010856123483,0.895420519129921
"LECO",2024-12-03 16:12:00,4.40625986124766,0.0130358648411026,4.68268858837139,0.0139804336871964,0.932436370199382
"LECO",2024-12-09 16:26:00,4.67233770304927,0.0128878571164659,5.30487986002701,0.0149247849688377,0.863520455629688
"LECO",2025-01-08 16:50:00,4.67861763473637,0.0139717247065248,5.17285775399927,0.0155641386932551,0.897686982998917
"LECO",2025-01-21 17:23:00,4.66462663712924,0.013647116977759,5.01558214171469,0.0147995954887899,0.922127701942674
"LECO",2025-02-05 17:28:00,4.75282322323774,0.0141093065913805,5.29422781488875,0.0158098562038292,0.892437376373046
"LECO",2025-02-11 16:09:00,4.30175395173944,0.0142421038056074,5.0581547471762,0.0166329679075396,0.85625751728599
"LECO",2025-02-25 17:54:00,4.79994066304425,0.0140916655753373,5.13016887703841,0.0151313314580021,0.931290522215413
"LECO",2025-03-04 16:00:00,4.70641871503881,0.0134266503732789,4.93581708870839,0.0141970816610092,0.94573312275535
"LECO",2025-03-10 16:10:00,4.63923289216251,0.0137831430594807,4.80560202770908,0.0143897706658552,0.957843135901118
"LECO",2025-03-24 16:14:00,4.59988677040587,0.0132115127685819,5.44930415895162,0.0158822713078881,0.831840264686845
"LECO",2025-04-02 14:34:00,4.69935881006355,0.0139650966746334,5.11700309628725,0.0153519066136675,0.909665296048669
"LECO",2025-04-08 15:56:00,4.85501913450347,0.0145403222965703,5.40066865149347,0.016212031452738,0.896884658715278
"LECO",2025-04-21 16:20:00,4.59289065612036,0.0130291519912614,4.92134923068462,0.0141114948413328,0.923300623906886
"LECO",2025-05-06 15:45:00,4.53107781513062,0.0132367800258211,5.03328297910841,0.0148513416337889,0.891285134516433
"LECO",2025-05-12 16:14:00,4.51466334318507,0.0130508035064092,5.00474347874482,0.0146405753196808,0.891413296365855
"LECO",2025-05-19 16:04:00,4.64772602073921,0.0138675406892651,5.24913103878315,0.0157393721837495,0.881073306315419
"LECO",2025-06-03 14:55:00,4.61022399817305,0.0134240241649206,5.2462425712127,0.015424813285561,0.870287627888939
"LECO",2025-06-09 15:45:00,4.52536271333429,0.0136069351289566,5.29031278400106,0.0159937773930074,0.850764318809746
"LECO",2025-07-08 16:48:00,4.45411129687983,0.0128795683501928,4.79491498560575,0.0140896889612758,0.914113035822943
"LECO",2025-07-14 15:24:00,4.605682539091,0.0128703808974738,5.3848111964293,0.0153639424806215,0.837700408844092
"LECO",2025-08-11 15:15:00,4.68668713010872,0.0129662970681637,5.33144787862209,0.0150322123842152,0.862567447608652
"LECO",2025-09-09 14:49:00,4.10032818491145,0.0127674428882256,4.57969037708857,0.0143682024594524,0.888590129785255
"LECO",2025-09-22 16:14:00,4.50798560604742,0.0126895288778078,5.04085657003716,0.0144334215180872,0.879176767747404
"LEWI",2023-11-15 13:50:00,3.54824594226776,0.0117729099897365,4.23682481565494,0.0143226849220531,0.821976469761573
"LEWI",2024-01-10 14:15:00,4.49745015733623,0.0133911501602766,5.76586307813021,0.0174537788287132,0.7672350092031
"LEWI",2024-01-24 14:51:00,3.656271498402,0.0114112106719624,4.52201509737327,0.0147521887099397,0.773526620105784
"LEWI",2024-02-07 14:35:00,1.42831744156699,0.00897946408347633,1.40884379715016,0.0099658413758597,0.901024182988435
"LEWI",2024-02-14 17:22:00,4.18753072277001,0.0124206744582577,5.11701545871115,0.0157204737830852,0.790095427761345
"LEWI",2024-02-28 12:30:00,3.12892793584677,0.00965206522212902,3.69422524380149,0.0123207932845965,0.783396409563666
"LEWI",2024-03-06 13:29:00,3.6497564077914,0.0109495981376395,5.10182336769941,0.016183662694498,0.67658343752815
"LEWI",2024-03-13 13:50:00,3.3395631899333,0.00991646492473769,3.26281364501154,0.0105341059714392,0.941367492564044
"LEWI",2024-03-20 13:14:00,3.13731340961035,0.00945450336333258,3.07332980706355,0.0101458653817019,0.93185775758308
"LEWI",2024-04-17 13:37:00,3.38759910680838,0.0113659063721417,3.34088997242622,0.0116291929322055,0.977359859656753
"LEWI",2024-04-24 13:06:00,3.40161788250172,0.0108543271780959,4.66123722417694,0.0155260620089181,0.699103685909615
"LEWI",2024-05-01 14:20:00,3.57972219324704,0.0110905983209179,4.46320966416666,0.0144641682701346,0.766763640590213
"LEWI",2024-05-08 13:20:00,3.57564865282388,0.0112356014285973,4.9730316845459,0.0161867705392098,0.694122487335003
"LEWI",2024-05-15 13:23:00,3.83659189693454,0.0116405428665235,5.18422490317386,0.0163196872370645,0.713282227620517
"LEWI",2024-05-21 13:49:00,3.10961485358356,0.00859082753956281,2.65426008831083,0.00771447735083221,1.11359812841191
"LEWI",2024-06-19 13:00:00,3.5962857997222,0.0108100903312399,4.45281672797478,0.0140922505249237,0.767094674631359
"LEWI",2024-06-26 13:34:00,2.93345468526244,0.0070750695160805,2.36365163409327,0.00566045448303117,1.24991191737166
"LEWI",2024-07-02 12:15:00,4.359347856916,0.014046180681512,3.19657249561468,0.0108203552138584,1.29812565335397
"LEWI",2024-07-10 13:21:00,3.90267411331875,0.011675309134982,5.07254288435511,0.0156688924826937,0.745126635330315
"LEWI",2024-08-07 12:22:00,4.41755600908087,0.013370646464918,5.47432660708339,0.0169092625420394,0.790729130361317
"LEWI",2024-08-14 12:30:00,4.41284474749589,0.0142335593265781,5.81620865082191,0.0188794116380491,0.753919645350184
"LEWI",2024-09-11 12:32:00,3.58859395799019,0.00976393911350299,4.06123986421113,0.011992572679571,0.814165515138847
"LEWI",2024-09-18 13:10:00,4.01799600723855,0.0127519084178133,3.81393809928994,0.0123178631554428,1.03523705831874
"LEWI",2024-10-09 17:05:00,4.07146910335615,0.0119158456080632,5.25541815136974,0.0158968463446258,0.74957292470098
"LEWI",2024-10-23 14:08:00,3.8786170423183,0.0112019416000143,4.68277557187131,0.0141837826308922,0.789771099256455
"LEWI",2024-11-13 13:33:00,4.23700667975658,0.0123225324732144,4.53403626182618,0.013541903062639,0.909955743754458
"LEWI",2024-12-04 15:30:00,3.55097784835618,0.0105305910612423,4.99400689595327,0.0156770114857309,0.671721843849329
"LEWI",2024-12-11 14:42:00,4.15316335153347,0.0126370352679993,4.96227611494878,0.015360146155253,0.822715821859388
"LEWI",2025-01-15 17:00:00,3.33458824095881,0.00910465788118131,2.59182605287545,0.00714919883052862,1.27352142484868
"LEWI",2025-01-29 16:15:00,3.8415725591041,0.0114433160517413,3.99970781223005,0.012612770149943,0.90728015461322
"LEWI",2025-02-10 15:15:00,3.65747739904239,0.010387935866331,3.80949955677608,0.0116403273218229,0.892409257844149
"LEWI",2025-02-19 16:30:00,4.16117837856905,0.0130025389092006,4.91016978651319,0.0158589056676487,0.819888785625677
"LEWI",2025-02-26 16:00:00,3.30296715068259,0.00982300084698879,4.73176638315367,0.0151864148391251,0.646828165241581
"LEWI",2025-03-05 16:18:00,4.16365128706614,0.0126769111480839,5.30168038582107,0.0163860619918785,0.77363988701904
"LEWI",2025-03-12 17:51:00,4.17598525059311,0.0123948332984007,5.15767411815815,0.0159003607586233,0.779531577085672
"LEWI",2025-04-16 12:16:00,3.26513377353687,0.0088954219754425,2.6503598829936,0.0076607786007561,1.16116421567966
"LEWI",2025-04-23 13:21:00,4.68992287806085,0.0149931569892448,4.32652959374776,0.0141296150459378,1.06111574451955
"LEWI",2025-04-30 13:12:00,4.59132805081497,0.0153471681083681,4.08819140924181,0.0140331835072973,1.09363410664356
"LEWI",2025-05-07 13:58:00,4.34648072389616,0.0127013306252653,4.90226074847779,0.0147436206298874,0.861479750741679
"LEWI",2025-05-14 14:10:00,4.6106476762558,0.0138633035114838,6.08856219613739,0.018423736515932,0.752469701219155
"LEWI",2025-05-21 14:26:00,10.4139296920366,0.0341614716219873,4.58487319309975,0.0145853173273341,2.34218226832582
"LEWI",2025-06-11 13:16:00,3.66285848566369,0.0103552867262981,3.92755243991524,0.0117917737834191,0.87817888271051
"LEWI",2025-06-25 12:50:00,3.6927716323758,0.0115792099993504,4.72293407564157,0.0152509562050163,0.759244852827115
"LEWI",2025-07-02 12:43:00,4.41105193246405,0.011709660514689,4.85933462617538,0.0132785520255839,0.881847696354835
"LEWI",2025-07-09 14:25:00,3.82348682532329,0.0122402439406527,4.59693545987107,0.0150530887709917,0.81313836162585
"LEWI",2025-08-06 12:38:00,3.50027186517828,0.0101098178462153,3.09378432163343,0.0096672785873062,1.04577702555197
"LEWI",2025-08-20 14:51:00,4.65408223595552,0.0144952724102882,4.35587475451579,0.0140326402954131,1.03296828716021
"LEWI",2025-09-10 15:47:00,3.36073337940195,0.0097984496409055,3.86015347805144,0.0121003712256952,0.809764383104086
"LEWI",2025-09-17 15:24:00,4.81230477327191,0.0145940949636269,5.87895503614003,0.017936092770715,0.813671915627872
"LIRO",2023-11-06 17:30:00,5.48071137498659,0.0183436582966939,4.96516051276715,0.0164298245253268,1.11648534458886
"LIRO",2024-01-09 18:10:00,5.22252261879739,0.0175046765704332,4.8520401324329,0.0160415719551029,1.09120705997051
"LIRO",2024-02-06 16:07:00,5.34532334842579,0.0180166387818967,4.61852676964253,0.0155367487838221,1.15961447485441
"LIRO",2024-04-09 16:02:00,5.87860277070852,0.0203458801535819,5.02144658520933,0.0175252543234793,1.16094635650016
"LIRO",2024-05-08 15:56:00,6.0037108887891,0.0207874597704534,4.65645078897529,0.0164330171596648,1.26498132196178
"LIRO",2024-05-08 16:10:00,5.96670928086188,0.0206875845559008,4.93229279202609,0.0172904773571442,1.19647272475985
"LIRO",2024-06-11 16:43:00,5.6693224191561,0.0192807994636087,4.79597413502625,0.0163405940022064,1.17993259369919
"LIRO",2024-07-01 16:45:00,5.60556090395987,0.018745616979726,4.92070634808662,0.0164074632066074,1.14250550153158
"LIRO",2024-07-30 15:02:00,5.76654210799044,0.0196355078313925,5.07660423933777,0.0172177231547015,1.14042418123274
"LIRO",2024-08-27 15:54:00,5.76931618803468,0.0190736750022169,5.10152386868483,0.0167992126203414,1.13539101107165
"LIRO",2024-09-30 15:51:00,5.56083575837649,0.0180566688119451,5.14008503471054,0.0164926619232213,1.09483047042404
"LIRO",2024-10-22 15:00:00,5.17040783411752,0.016676401816857,5.03391071950947,0.0159403965840399,1.04617232883365
"LIRO",2024-11-12 15:58:00,5.22666077487251,0.0170083851446262,4.86550814396336,0.0156255988999063,1.08849492768742
"LIRO",2025-02-03 17:45:00,5.27069519754097,0.0174931020291836,4.89399506521511,0.0160779495392907,1.08801821939014
"LIRO",2025-03-17 16:52:00,5.51270478961115,0.018573833183304,4.97499126961042,0.0166534777163012,1.11531257913313
"LIRO",2025-04-23 15:34:00,5.42936159082158,0.0185306115069911,4.67997555245048,0.016028737265858,1.15608679583652
"LIRO",2025-05-07 15:29:00,5.56289560603418,0.0190259940834518,4.51129942948847,0.0155636562683672,1.22246300967991
"LIRO",2025-05-07 16:00:00,5.66347364979898,0.0191688937093082,4.70442870595058,0.0159822106256795,1.19938938099768
"LIRO",2025-06-03 15:25:00,5.73529175307886,0.0197743532498169,4.43546497247332,0.0155945153694349,1.26803256025349
"LIRO",2025-06-30 16:45:00,5.62765139261775,0.0194870069223872,4.42830411173448,0.0155661596270356,1.25188276294827
"LIRO",2025-08-11 14:58:00,5.85309222037146,0.0199872061579838,4.85487732308925,0.0166424819912628,1.20097508102919
"LIRO",2025-08-26 14:33:00,5.47497230645741,0.0189808821152024,4.58973598630224,0.0160115436857184,1.18544985341623
"LIRO",2025-09-29 15:04:00,5.62162289215577,0.0192904409316272,3.80393788962442,0.01372487613646,1.40550929129206
"MART",2023-11-06 18:20:00,4.79845633300959,0.0136260247946328,6.34959503806826,0.018480280352728,0.737327818331572
"MART",2024-01-08 19:30:00,4.80171360925517,0.0144496158083317,5.75462170648537,0.0174715188552332,0.827038331816444
"MART",2024-01-15 19:55:00,4.54846516468848,0.014141845220848,5.36195299724165,0.0166426577866993,0.849734784076982
"MART",2024-01-24 18:19:00,4.63061069542106,0.0139441700707763,5.49727500024223,0.0167175888800665,0.834101745820708
"MART",2024-02-06 20:46:00,3.06573668987909,0.0149433978309805,2.42795981120486,0.0131777298450756,1.13398878309565
"MART",2024-02-13 17:37:00,4.87960700898295,0.0146551359931716,5.77410301572849,0.0174604930122401,0.839331167962903
"MART",2024-02-27 18:20:00,4.75002964054694,0.0144882026500614,5.60339685346555,0.0172319636008392,0.84077491025781
"MART",2024-03-12 16:37:00,4.62299681037398,0.0135856240134914,5.77419169018128,0.0172950256788394,0.785522049274175
"MART",2024-03-20 18:40:00,4.56570620056599,0.0143370053349186,4.84142048968276,0.0153651425735208,0.933086384738529
"MART",2024-04-08 17:14:00,4.59612322842723,0.0147717204857382,5.70599936358356,0.0182314948934976,0.810230898345405
"MART",2024-04-10 16:40:00,4.51573808926627,0.0142683688629316,5.02830681051594,0.0160048675571169,0.891501839175597
"MART",2024-04-23 17:39:00,4.72642325060318,0.0152796949414753,4.89550228647631,0.0157866162407697,0.967889173236172
"MART",2024-05-07 17:32:00,4.62455082635623,0.0142387298816727,5.44927568316118,0.0169047933037711,0.842289498949174
"MART",2024-05-22 19:21:00,4.61118151759884,0.0142173884771301,5.27511992706321,0.0163915374085583,0.867361500191372
"MART",2024-06-10 17:26:00,4.6113594615704,0.0144602255626437,4.89843856056159,0.0154855718983828,0.933786989433296
"MART",2024-06-19 16:03:00,4.67887867371981,0.0141311045211091,5.18432672658262,0.0158717624595136,0.890329889774707
"MART",2024-07-09 16:20:00,4.74162970477204,0.01534531925133,5.68818044026481,0.0180593310697131,0.849716924292133
"MART",2024-08-06 16:03:00,4.53176125013657,0.0144706036404248,4.71211718948873,0.0150967191324796,0.958526386656566
"MART",2024-09-03 16:22:00,4.68619395674351,0.0140408830192623,4.7841036491037,0.0144966283477986,0.968561977474885
"MART",2024-09-10 17:20:00,5.03631632110563,0.0145252189808318,5.21821989075283,0.0151804332028475,0.956838239511318
"MART",2024-10-02 20:16:00,2.54423734907176,0.0134597039068978,2.33828392385461,0.0130231526110615,1.03352116871191
"MART",2024-10-29 18:12:00,4.88135900243242,0.0143112009792921,5.87737236733323,0.0174885394996553,0.81831881842244
"MART",2024-11-11 20:54:00,4.61586587213338,0.0132074749947537,5.82350363171108,0.0171264140233314,0.771175739227199
"MART",2024-11-19 19:18:00,4.85737403261336,0.0139247920055516,5.92460605891435,0.0172956557276036,0.805103444752767
"MART",2024-12-03 20:35:00,4.52044944064717,0.014782708768139,5.11812398983704,0.0166682434514686,0.886878621084487
"MART",2024-12-10 18:53:00,4.56380456427049,0.0142521356537911,5.49819633022057,0.0172165768445374,0.827814714997372
"MART",2024-12-17 17:40:00,4.57201070117163,0.0134046916282259,5.63248499529945,0.0168379249288518,0.796101163585599
"MART",2025-01-07 21:45:00,3.78908330670395,0.0143328756232303,4.35307643922381,0.01624445846208,0.882324003394019
"MART",2025-01-15 20:56:00,4.78728410884951,0.0147837194923038,5.65012105296256,0.0174999746510564,0.844785194669489
"MART",2025-01-22 20:32:00,4.8062120178925,0.0146445013149954,5.29965063870312,0.0162802862082729,0.899523578863973
"MART",2025-02-04 17:55:00,4.69292340873741,0.0145217506921186,5.21145093905096,0.0162709039147019,0.892498091577887
"MART",2025-02-11 18:15:00,4.50043317762286,0.014681806069981,4.76637450791213,0.0156917836883763,0.935636531929543
"MART",2025-03-06 19:40:00,4.82370426630731,0.0141787412927986,4.95042068585772,0.0147976102328632,0.958177778011058
"MART",2025-03-11 16:55:00,4.72360009201404,0.0145037559126818,5.19824888037846,0.0160908884767275,0.90136451654977
"MART",2025-03-18 17:35:00,4.72252610193302,0.0141112631359422,5.13532996226091,0.0155429327515828,0.90788935148067
"MART",2025-04-02 17:20:00,4.50153352759487,0.014443485534833,4.68696728579019,0.0152072150538359,0.949778475789339
"MART",2025-04-08 16:04:00,4.72704667457987,0.0135468135311856,5.7383067354824,0.0168534824528841,0.80379907055158
"MART",2025-04-21 18:48:00,4.88894486355139,0.0147136125479715,4.69320668632709,0.0142064310235773,1.03570084024287
"MART",2025-05-13 17:23:00,4.36976146181267,0.0144655725155767,4.49646680781446,0.0149701174065033,0.966296530800261
"MART",2025-05-27 18:50:00,4.86859145436785,0.0146378273701093,4.68168266080553,0.0141821308139224,1.03213174114425
"MART",2025-06-10 18:07:00,4.48060928302379,0.0146029811704421,4.37678908485858,0.0144073641403663,1.01357757242546
"MART",2025-06-24 16:17:00,4.92678960674848,0.0147008974438791,5.15089654138995,0.0154746939648734,0.949996004912875
"MART",2025-07-08 19:45:00,5.06699121280723,0.0147960702170529,3.82630317872796,0.0112091073314768,1.32000433036299
"MART",2025-08-05 18:14:00,4.1047214111617,0.0144902495223488,4.04564779731947,0.0144531527000067,1.00256669414017
"MART",2025-09-02 18:12:00,5.14195753788262,0.0148032183492612,5.08743150539567,0.0147425929221182,1.00411226352537
"MART",2025-09-17 18:55:00,4.55335658742159,0.0143970609235205,4.60074815261996,0.0146968892166539,0.979599200299226
"MAYF",2023-11-07 17:14:00,4.60320642508896,0.0140775634779523,5.32706117487811,0.0162848064775645,0.864459979757628
"MAYF",2023-11-16 19:57:00,4.20483478641498,0.0101965094077627,5.02086201391018,0.0127003205904612,0.802854489785162
"MAYF",2024-01-02 18:29:00,4.75224376898058,0.0142267215474034,5.43634802272239,0.0161349649443886,0.881732411346279
"MAYF",2024-01-24 15:37:00,4.12736077186249,0.0105281637717465,4.95445965442832,0.0129317355657676,0.81413385838296
"MAYF",2024-02-01 18:17:00,4.37499383432372,0.012170306172491,5.08901419592697,0.0142709860013086,0.852800652412881
"MAYF",2024-02-06 15:27:00,5.70702404668718,0.0201198862041827,4.56676105369549,0.0163827790661941,1.22811191696408
"MAYF",2024-02-12 16:13:00,4.7905139618686,0.0136577843342799,6.12854642408857,0.017656222054508,0.773539452104526
"MAYF",2024-03-07 15:25:00,4.43438613214251,0.0112764781729223,5.52131114630275,0.0145119374313545,0.777048428320701
"MAYF",2024-03-13 16:32:00,4.63720193068646,0.012716757029195,5.95399897626537,0.0165898475061281,0.766538512454531
"MAYF",2024-03-18 14:13:00,4.34655577862482,0.0113238342328507,5.15392507544381,0.0137167362857565,0.825548730903967
"MAYF",2024-04-09 14:22:00,4.39305695113234,0.0116460647642011,5.3349859074194,0.0144665295447478,0.805035148767198
"MAYF",2024-04-11 13:58:00,4.48171684338068,0.0121894723115369,5.29507216464121,0.0146209294922261,0.833700232123957
"MAYF",2024-04-16 14:08:00,4.56020454296935,0.0127483750665282,5.73679650582798,0.0162150171874552,0.786207928067509
"MAYF",2024-05-07 15:14:00,4.44731819647992,0.0105951776585886,5.71931053012487,0.0143141690223514,0.740188106067794
"MAYF",2024-05-14 14:20:00,4.54530412018825,0.0120035028212116,5.71565061064982,0.0154535020520326,0.776749683068293
"MAYF",2024-06-04 17:56:00,4.55532237652362,0.0111695931239944,5.80151449596654,0.0148010585573091,0.75464826253786
"MAYF",2024-06-12 14:40:00,4.83561674689332,0.013445948954235,6.35256102662392,0.017910899019577,0.750713235529845
"MAYF",2024-07-01 15:50:00,4.46383933363808,0.0105636833534589,5.71938180411619,0.0142026336904958,0.743783412546082
"MAYF",2024-07-17 15:12:00,4.45080014870232,0.0118115639215486,5.78990635952246,0.0157493319023671,0.749972379448891
"MAYF",2024-08-14 14:20:00,4.24737382091175,0.00915969220101451,5.7458683798706,0.0135070065077555,0.678143761591819
"MAYF",2024-09-03 14:19:00,4.44281307671008,0.00998459286373007,5.76222305368497,0.0138278257018658,0.722065281917954
"MAYF",2024-09-10 15:10:00,4.60825762315896,0.0120595699789549,5.70070320631061,0.0152700850071862,0.789751332312794
"MAYF",2024-10-01 14:00:00,4.47819083091351,0.0108420745247436,5.89764349383386,0.0149787647425125,0.723829682294952
"MAYF",2024-10-08 13:40:00,4.31613045925447,0.0107899720879383,5.61561317422266,0.0146741254013521,0.735305975165244
"MAYF",2024-11-05 14:50:00,4.20188160404838,0.0100462491160882,5.70046956978084,0.0145050024326646,0.692605820834921
"MAYF",2024-11-12 14:52:00,4.27087449184471,0.00930719612939577,6.11490798997678,0.0147321300828818,0.631761739614993
"MAYF",2024-12-02 16:29:00,4.01448842787061,0.010019409754437,5.57519576440788,0.0146996502768431,0.681608716244147
"MAYF",2024-12-11 16:35:00,4.50680056392231,0.0120869276017684,5.2712662052566,0.0143716101198832,0.84102807555613
"MAYF",2025-01-07 15:53:00,4.05684931087182,0.0109248342926936,4.93746930208965,0.0134844600874831,0.810179586117399
"MAYF",2025-01-20 17:07:00,4.10142471566166,0.011548486066249,5.17131179092515,0.0146592288989622,0.787796284910091
"MAYF",2025-02-04 16:30:00,4.44845641196969,0.0128417634904861,5.77109985138319,0.0167004415927875,0.768947540646597
"MAYF",2025-02-12 17:09:00,4.14542943963215,0.00957060143402325,4.65146771350774,0.0110733467709641,0.86429167549586
"MAYF",2025-02-19 16:57:00,4.34857031931101,0.0116625471316744,5.1379738775182,0.0139501459477441,0.836016137419721
"MAYF",2025-03-03 15:18:00,4.35721764362434,0.0121420143783971,5.8261692589711,0.0164335744949513,0.738854129521688
"MAYF",2025-03-05 15:33:00,4.539930947614,0.0123855365660883,5.21234142613753,0.0143796610350028,0.861323263179814
"MAYF",2025-03-18 14:10:00,4.28621126442678,0.0106288411754097,4.76276815056878,0.0119842182280162,0.886903173255143
"MAYF",2025-04-03 14:39:00,4.41749661988996,0.0103926328933119,5.55672458910094,0.0137250397942788,0.757202386957304
"MAYF",2025-04-07 14:29:00,4.89815695268704,0.01501544496805,5.93992861288892,0.0179470983201839,0.836650287426302
"MAYF",2025-04-17 17:15:00,4.43001301618035,0.00948861143485965,5.38733976357598,0.0122610025900668,0.773885444127284
"MAYF",2025-05-05 14:49:00,5.38087431277983,0.0181640320184284,5.57247967586018,0.0183822256514418,0.988130184170802
"MAYF",2025-05-12 14:23:00,4.5986011368131,0.0120876553240002,4.90882944466122,0.01301795004695,0.928537540888185
"MAYF",2025-06-02 14:54:00,4.28152996595425,0.00980561823420328,5.34782264162207,0.0129264958229958,0.75856739277782
"MAYF",2025-06-10 13:50:00,4.92933573994233,0.0152829601871074,6.11035856054709,0.0185975635074515,0.821772173595965
"MAYF",2025-07-03 14:25:00,4.4903458919112,0.0106394131502638,5.76355602244605,0.0143216766179898,0.742888799548746
"MAYF",2025-07-23 14:41:00,4.38242179778316,0.009642699136811,5.81471009676559,0.013788947257801,0.699306405088736
"MAYF",2025-08-05 16:19:00,4.46117503388404,0.00974540167136621,5.96356421261545,0.0141078252699561,0.690779867547686
"MAYF",2025-09-03 18:53:00,4.64183396515088,0.0121889264622961,5.79043997777389,0.0155432525018719,0.784194071403537
"MAYF",2025-09-09 16:22:00,4.69992863706276,0.0130108480674042,5.85150568921961,0.0164055109892653,0.793077891686378
"MAYF",2025-09-30 14:18:00,4.43862736735131,0.0105730922056832,5.86748868771048,0.0147618086362418,0.716246394071596
"MCDI",2023-11-07 15:24:00,5.20909068071203,0.0170275071959564,4.08098564902703,0.0134273138818378,1.26812461120673
"MCDI",2024-01-23 17:11:00,5.18199106150838,0.0173639146321521,4.73658043859042,0.0161641656054827,1.07422276261897
"MCDI",2024-02-13 16:15:00,4.98348920571336,0.0151627342478623,5.12683221510563,0.0156823935077295,0.966863523759235
"MCDI",2024-03-05 16:30:00,5.23731257407206,0.0169880087471608,5.27066460332464,0.0171234198433881,0.992092053020612
"MCDI",2024-03-11 15:22:00,5.21117504868828,0.0172552402539074,5.45838314234894,0.018058317259673,0.955528691061431
"MCDI",2024-03-26 14:21:00,5.21031211476932,0.0172217868254027,5.4999574730435,0.0181044609300012,0.951245490931144
"MCDI",2024-04-02 14:35:00,5.02784598399588,0.0167786247156556,5.13636750911369,0.0171505826039842,0.978312230148834
"MCDI",2024-04-09 13:57:00,4.87764695569946,0.0168371745197815,4.82245618008386,0.0167436821838532,1.0055837380871
"MCDI",2024-04-17 14:02:00,4.9486445397417,0.0165631053064599,5.11493293460295,0.0170590890458534,0.970925543675848
"MCDI",2024-04-30 14:24:00,4.99974071306017,0.0149654166196498,5.08630617835586,0.0152688565389192,0.980126873384663
"MCDI",2024-05-13 14:54:00,4.81976829877867,0.015254795691242,3.14680232916172,0.0103378696818111,1.47562275021536
"MCDI",2024-06-11 13:57:00,4.96448934419623,0.0157494508788932,4.66039685383168,0.0149256929057697,1.05519060175793
"MCDI",2024-06-17 14:15:00,5.17049307686423,0.0157046572273084,5.45771898779534,0.0165734385203259,0.947579900697613
"MCDI",2024-06-26 13:27:00,5.06425657935241,0.0145074167473628,4.66821553245591,0.0133269720454336,1.08857561176724
"MCDI",2024-07-09 16:27:00,4.84222352406833,0.0137797620495843,5.17879278534911,0.0148117344122994,0.930327378685775
"MCDI",2024-08-07 13:15:00,4.99314164517006,0.0154877689264591,5.80055837874062,0.0180364824392134,0.858691209810787
"MCDI",2024-08-22 13:12:00,4.85489221377314,0.0147692749304362,4.19226957572447,0.0128991007550162,1.14498484901691
"MCDI",2024-09-10 13:27:00,5.10670302048914,0.0166400061977707,5.74853276554068,0.0187334588481092,0.888250607252388
"MCDI",2024-10-09 13:27:00,5.05099383445531,0.0167228683512628,4.74420888350888,0.0158692816126213,1.05378861875906
"MCDI",2024-10-29 13:30:00,5.06423089089381,0.0162796059513693,3.91800084337769,0.0124361709327707,1.30905292628864
"MCDI",2024-11-11 15:39:00,5.03844055612547,0.0163320806889078,5.73973731516504,0.0185161554999164,0.882044908781501
"MCDI",2024-12-10 15:49:00,5.07588220683311,0.0169413833675478,5.39442066517202,0.0180265643574994,0.93980100875405
"MCDI",2025-02-11 16:14:00,4.56342753832976,0.0137869629565132,4.9694017003179,0.015107737885517,0.912576261316395
"MCDI",2025-03-04 15:00:00,4.87031382640682,0.0159926826638621,4.68298196454736,0.0155306790658869,1.02974780407317
"MCDI",2025-03-11 14:13:00,5.00196255049452,0.0165531714101021,4.56862240832327,0.0153690281393787,1.07704737475816
"MCDI",2025-04-01 13:52:00,4.94149519282178,0.0160588328815135,4.53722217803712,0.0149307859357581,1.07555174594351
"MCDI",2025-04-08 14:28:00,5.17626040531323,0.0171576099618914,4.97340284611367,0.0166014027135823,1.0335036296574
"MCDI",2025-04-16 13:53:00,4.99679788984957,0.0165168510555496,4.72749117599325,0.0157591977939484,1.04807689271418
"MCDI",2025-04-21 15:02:00,5.16521287524822,0.0171165782665095,4.96751865467743,0.016577565634012,1.03251458292475
"MCDI",2025-04-23 13:50:00,4.71319497725822,0.0155376536850589,4.36795274301864,0.0145166458963471,1.07033358779997
"MCDI",2025-04-28 14:13:00,4.95549358136561,0.0166471695251207,4.88909309765174,0.0164593920803618,1.01140852856789
"MCDI",2025-05-13 14:20:00,4.90718187635726,0.0167362233814355,5.02558956639374,0.0171149699845176,0.977870448886282
"MCDI",2025-05-20 14:40:00,4.79537479083043,0.0155284129172687,4.74339686905892,0.0154872122024226,1.00266030543829
"MCDI",2025-05-27 14:26:00,4.90583363154318,0.0142156925579862,5.40030025662578,0.0157662186960681,0.901655167420164
"MCDI",2025-06-02 13:58:00,5.23221804607558,0.0164985686125107,5.48741889517239,0.0173067548082494,0.953302268120572
"MCDI",2025-06-10 14:00:00,4.93804798404855,0.0149740485368486,5.4513968930251,0.0165252087457068,0.906133699566056
"MCDI",2025-06-17 14:21:00,5.03014147311359,0.0151249406807863,5.18489100423141,0.0155767651507832,0.970993690562629
"MCDI",2025-07-01 15:07:00,5.20120514749532,0.0162563691528055,5.46970800957709,0.0171304056984233,0.948977475431406
"MCDI",2025-07-08 14:06:00,5.20573756952721,0.0161651672071163,5.51587068590383,0.0171519460204789,0.942468404915433
"MCDI",2025-07-16 14:13:00,5.21039050462547,0.0164694197225035,5.47103562847104,0.017366218200965,0.948359598613607
"MCDI",2025-08-04 13:31:00,5.01058444749976,0.0160993679310762,4.92352575408149,0.0159692113848506,1.00815046799049
"MCDI",2025-08-12 13:45:00,5.12320722153282,0.0158824509807362,5.48775003400028,0.0170490080048766,0.931576252189761
"MCDI",2025-09-09 16:41:00,4.89048411660775,0.0161183484683151,4.76073392420718,0.0158847572037961,1.01470537204454
"MCRA",2024-01-04 16:47:00,4.61224881844855,0.0138897746208199,5.31454929533232,0.0161746385021021,0.858737870340337
"MCRA",2024-01-30 18:50:00,4.29610299804745,0.0131240588872644,4.92872431634708,0.0152275079031494,0.861865183110494
"MCRA",2024-01-31 17:00:00,4.27151755019732,0.0129752229784868,5.52144929250624,0.0169094336057299,0.767336344967231
"MCRA",2024-02-05 21:32:00,1.98232929166704,0.0142596041370468,1.69536836267649,0.013632009336855,1.04603831942038
"MCRA",2024-02-06 16:21:00,2.71840326334466,0.0134727275218398,2.95751414526553,0.0145731004532714,0.924492874048325
"MCRA",2024-02-12 23:18:00,4.76561509623144,0.014616448128096,5.72198843375542,0.0175945151162613,0.830738899680567
"MCRA",2024-03-12 22:23:00,4.70801398253708,0.0140601896381292,6.32021655632033,0.0191232334695735,0.735241226882471
"MCRA",2024-03-13 16:56:00,4.64151988829543,0.0146911354083261,5.98334968027282,0.0188811434786579,0.7780850468581
"MCRA",2024-03-26 22:24:00,4.41484976427301,0.0137896172872057,4.80926635903428,0.015252514447541,0.904088131477154
"MCRA",2024-04-02 15:20:00,3.95476170924654,0.0140724286486171,4.9849175501939,0.0174088714418078,0.808348128461781
"MCRA",2024-04-09 15:08:00,4.39252551325485,0.0140373251982959,5.3674216737135,0.017231805901833,0.814617183959961
"MCRA",2024-04-24 16:43:00,4.38263582947855,0.0140513127022001,4.2890300549249,0.0139897533241632,1.00440031904855
"MCRA",2024-05-15 15:08:00,4.32694549849245,0.013976977534544,4.90210936389109,0.0159272990195113,0.877548510731286
"MCRA",2024-05-21 15:04:00,4.44009329127421,0.0142107829665866,4.94146099363795,0.0158105252746038,0.898817889966832
"MCRA",2024-06-05 15:07:00,4.48043684995551,0.0145151355669752,5.11635289875404,0.0166397701064695,0.872315871799922
"MCRA",2024-06-18 21:35:00,4.50885251354396,0.014161928735702,4.54946912872818,0.0144832081503848,0.977817109900871
"MCRA",2024-07-09 15:09:00,4.77751985653049,0.0150847204179326,5.73194962321474,0.0178764370807876,0.843832602087395
"MCRA",2024-09-18 19:26:00,4.43410200785264,0.0138986325474535,4.37208305206751,0.0138334622621815,1.00471106105159
"MCRA",2024-10-09 20:56:00,4.89045841238356,0.0139642703615583,5.37387621827554,0.0155746835659821,0.896600582759748
"MCRA",2024-10-22 20:02:00,4.80332098588985,0.0140310088665523,5.88683131108101,0.0175225629012909,0.800739534826759
"MCRA",2024-11-06 16:15:00,4.60604719667769,0.0139613906943209,5.54089079595833,0.0169805496816327,0.822198983901119
"MCRA",2024-11-19 19:22:00,4.34978357713447,0.0138485431886734,4.50651101990272,0.0145905639474906,0.949143791735012
"MCRA",2024-12-03 19:30:00,4.63424771177904,0.0136578791418098,4.81710402017259,0.0143944726172294,0.948828033161984
"MCRA",2024-12-10 17:25:00,4.69786693944461,0.0138940050527318,5.66275874670921,0.0169816773664577,0.818176246839744
"MCRA",2024-12-17 20:06:00,4.69207743045351,0.0135955372147387,6.09420934530308,0.0180800465161321,0.751963619264363
"MCRA",2025-01-07 20:12:00,3.90955676018791,0.0145942284613489,4.47391796519338,0.0164638622716602,0.886440145121379
"MCRA",2025-01-14 23:23:00,4.29533037389041,0.0141859741045072,4.70345763262296,0.0156796426143166,0.904738357464505
"MCRA",2025-01-28 21:23:00,4.87140747134186,0.0143541026289024,5.45887117975209,0.0163085648268241,0.880157314964522
"MCRA",2025-02-03 22:26:00,4.58700344946683,0.0141093635588785,4.65029231321335,0.0145664625723994,0.968619765351473
"MCRA",2025-02-04 16:24:00,4.56017626829521,0.0140304088320452,4.92326759821148,0.0154047762228156,0.910783034372497
"MCRA",2025-02-18 20:30:00,4.78527850472592,0.0140610238466474,5.69558345231691,0.0169799230168288,0.828097031577324
"MCRA",2025-03-04 19:28:00,4.62154472418281,0.014080701378999,5.48685133609629,0.0169300975241829,0.831696412787122
"MCRA",2025-03-11 19:08:00,5.06768773867873,0.0157310200779879,4.76499614411242,0.0149620352982564,1.05139573356181
"MCRA",2025-04-22 15:27:00,4.76364155675273,0.0146644025975751,4.54937514432855,0.0142147712410345,1.03163127629114
"MCRA",2025-05-06 21:30:00,4.1314313520082,0.0139641578527667,4.15089489686244,0.014334948264429,0.974133815844848
"MCRA",2025-05-07 13:43:00,4.30645975154326,0.013587931130781,4.34790956752458,0.0139224343148065,0.975973800524974
"MCRA",2025-05-21 16:01:00,4.46076834548183,0.0137660123070136,4.77882055123947,0.0150775584125515,0.913013362664469
"MCRA",2025-06-03 20:14:00,4.60055789469271,0.0141358247629425,4.83841811484105,0.0150677198184491,0.938152881342701
"MCRA",2025-06-19 15:23:00,4.55895096340029,0.0135124699582281,4.46309353654949,0.0133450800703415,1.01254319097407
"MCRA",2025-07-30 16:39:00,4.76699692538691,0.0136851525108941,5.67929063838899,0.0165591579123729,0.826440123544484
"MCRA",2025-08-13 15:45:00,4.53953781621215,0.01368458525086,5.17645727142218,0.015773518204368,0.867567087669158
"MCRA",2025-09-08 22:36:00,4.62502114200896,0.0140029399414851,5.06306088758508,0.015467359004143,0.90532197110925
"OKSR",2024-05-20 20:02:00,4.64953094577082,0.0130353996565829,6.12181473526071,0.0174690135717998,0.746201243877094
"OKSR",2024-05-27 18:26:00,4.81950890197723,0.0132114215066089,6.1026227162934,0.0170386852922408,0.775377987210385
"OKSR",2024-06-03 20:23:00,5.15643434157315,0.0145525325941546,6.15826167089986,0.0174624819254944,0.833359923076486
"OKSR",2024-06-10 17:59:00,5.0146325052338,0.0140775106458134,6.20884685854145,0.0176067893531552,0.799550126002425
"OKSR",2024-06-17 19:29:00,5.34648494605194,0.0156984962801385,6.09477647358762,0.0178292654987429,0.880490353416149
"OKSR",2024-06-25 00:22:00,5.53790618830161,0.0168204248375201,6.01452156156374,0.0180780123839757,0.930435519140902
"OKSR",2024-07-02 18:58:00,5.60002356534212,0.0171360981630235,6.16735024502114,0.0186569148255387,0.918485093771592
"OKSR",2024-07-06 19:00:00,4.90338562337488,0.0137667577364697,6.4907872296505,0.0184913225535637,0.744498274614573
"OKSR",2024-07-15 20:05:00,5.36426104759784,0.0163253457947837,6.30163545623674,0.0189884600156679,0.859750910885514
"OKSR",2024-07-21 18:14:00,5.39849613381308,0.0167517304051118,6.02974392399123,0.0184780144953627,0.906576321244681
"OKSR",2024-07-29 18:59:00,5.14676332973342,0.0153094339651275,6.22977495311649,0.0184723448746092,0.828775884656137
"OKSR",2024-08-05 18:58:00,5.29649067673236,0.0161632901687603,6.26804765877914,0.0189253467725692,0.854055165434944
"OKSR",2024-08-12 18:55:00,5.25624292167838,0.0159070691278038,6.26983416475618,0.0187850325957816,0.846794864299349
"OKSR",2024-08-19 20:25:00,5.30335497207115,0.0159045455857535,6.39772001415149,0.0190267266011477,0.835905509085
"OKSR",2024-08-26 19:22:00,5.30662897512097,0.0157399901652102,6.39726075599677,0.0189065937294273,0.832513269733594
"OKSR",2024-09-02 17:55:00,5.24041264274211,0.0159406510494246,6.32787130509386,0.0191140730166167,0.833974581742295
"OKSR",2024-09-09 20:02:00,5.22383983883776,0.0156473324363745,6.38690635633033,0.0190350138793288,0.822028948104253
"OKSR",2024-09-16 20:11:00,5.43795694850935,0.0166717526554016,6.3578986240352,0.0192878191060027,0.864366912805246
"OKSR",2024-09-23 18:31:00,5.46309421763968,0.0169434416511825,6.34638135474454,0.0194426019395007,0.871459576444821
"OKSR",2024-09-30 18:25:00,5.57302781333599,0.0175115300744691,6.1494911111224,0.0191222459279305,0.915767433410698
"OKSR",2024-10-07 19:05:00,5.62627327295448,0.0179894521602453,6.23550163374798,0.019663861258088,0.914848407651675
"OKSR",2024-10-25 22:26:00,5.29568771572865,0.0177288014173142,6.20365182075998,0.0203229166802213,0.872355169106619
"OKSR",2025-05-19 18:51:00,4.67686438367458,0.0129533280988066,6.16272737399622,0.0174012039202549,0.744392638473077
"OKSR",2025-05-26 20:26:00,4.71358943603317,0.0130175713758125,6.06010623296282,0.0170377955540371,0.76404082526557
"OKSR",2025-06-02 19:53:00,4.80538391922598,0.0133069621427187,6.13216586124571,0.0172577687629869,0.771070833401036
"OKSR",2025-06-09 18:23:00,4.72601357199549,0.0129863849780355,6.22129484170613,0.0174471312532243,0.744327808941978
"OKSR",2025-06-16 23:09:00,4.76957311424461,0.0133345649975244,5.82153653938753,0.0164518912699825,0.810518667957295
"OKSR",2025-06-23 21:58:00,5.00914005182311,0.0141090859089321,6.24112572568399,0.0177438684083423,0.795152758363487
"OKSR",2025-06-28 22:56:00,5.14604809028346,0.0150038791446285,6.03335893694729,0.0175651169783754,0.854186121453105
"OKSR",2025-07-07 19:28:00,5.48773978958374,0.0165417699760873,6.21127551781978,0.0185329100297191,0.892561931696703
"OKSR",2025-07-14 19:17:00,5.4320151601146,0.0165773039840524,5.6632974471811,0.0172384910784186,0.961644723348555
"OKSR",2025-07-28 19:58:00,5.5681933428735,0.0174596996810887,6.02612636053837,0.0186436169254125,0.936497448480071
"OKSR",2025-08-04 19:15:00,5.32467411520558,0.0161801675485383,6.35281805627733,0.0190938033905691,0.847404114181365
"OKSR",2025-08-11 19:28:00,5.15533595631039,0.0153016528706713,6.29164365511103,0.018542110496452,0.825237929285306
"OKSR",2025-08-18 21:26:00,5.13860949410828,0.015340889764926,6.21789589739661,0.0184235044448925,0.832680330216921
"OKSR",2025-08-25 19:13:00,4.98904470929095,0.0146285604877889,6.4223595405098,0.0188557554164076,0.775814077173471
"OKSR",2025-09-01 17:38:00,5.14648360712807,0.0150409568512016,6.38654515290034,0.0186620189496134,0.805966218971886
"OKSR",2025-09-08 19:34:00,5.12027871557749,0.0152402254996117,6.23219855886185,0.0184752909695262,0.824897725548649
"OKSR",2025-09-17 19:46:00,5.2338085900892,0.0160821143028338,5.93913665254877,0.0181028971316773,0.888372407237104
"OKSR",2025-09-22 19:47:00,5.30544203909857,0.016364480139242,5.82189239211499,0.0177992506509259,0.91939152159705
"OKSR",2025-09-29 18:11:00,5.3758901463408,0.0171419664504736,6.01030650750421,0.0188840353989428,0.907749116559762
"POSE",2023-11-14 14:22:00,4.30594522198428,0.012806432820073,5.12711239710558,0.0153181251931538,0.836031345780924
"POSE",2024-01-23 13:22:00,4.48935011857102,0.0130711497894495,5.05722899348495,0.0148897140788799,0.877864391498965
"POSE",2024-01-30 13:04:00,4.43664298811855,0.012539771109076,5.45977206345428,0.0156881593264013,0.79931436494102
"POSE",2024-02-06 14:10:00,4.52082677136656,0.0132447901552614,5.3055931954791,0.01567467244246,0.844980346726956
"POSE",2024-02-13 17:10:00,4.75204592468684,0.0126977716268385,5.75530652380555,0.0158259446501712,0.802338938213157
"POSE",2024-02-26 13:54:00,4.41556890728594,0.0129668813192025,5.10195231059906,0.0151228541725892,0.857436114321962
"POSE",2024-03-04 13:45:00,4.58145879094084,0.0133888625965814,5.64592467205481,0.0166199432610278,0.805590150718322
"POSE",2024-03-11 14:19:00,4.49900541858035,0.0131983677705249,5.39787227475358,0.0159993944803896,0.824929205083482
"POSE",2024-03-19 11:55:00,4.27512000510029,0.0125984259291572,5.07067164418519,0.0150770208720665,0.835604462981051
"POSE",2024-03-26 12:54:00,4.42929036772084,0.0123219351791813,4.77033716335965,0.0133576125424149,0.922465383694505
"POSE",2024-04-16 12:37:00,4.44002263064495,0.013190923901582,5.04979161110892,0.0150457209539175,0.876722620470205
"POSE",2024-04-22 13:40:00,4.69945068322878,0.0135173690809272,5.41540663434369,0.0157304967508488,0.859309740501221
"POSE",2024-05-07 14:32:00,4.63702569866094,0.013344273269219,5.59188661144508,0.0162604427806043,0.820658665281628
"POSE",2024-05-14 17:03:00,4.5206088443806,0.0123385795148124,4.72292542485545,0.0130729688611543,0.943823828072892
"POSE",2024-05-20 15:03:00,4.5142008397525,0.0124643161399025,5.2465160468199,0.0146725581763825,0.849498498493979
"POSE",2024-06-11 12:42:00,4.66871297816102,0.0126992515684104,5.83590799215084,0.0162270027922993,0.782599949661497
"POSE",2024-06-25 13:23:00,4.89040502365589,0.0134793877392991,5.98060450120493,0.0167502531986683,0.804727401993584
"POSE",2024-07-09 13:13:00,4.86639404115983,0.0133894329568996,6.02352415625431,0.0168171746690196,0.796176124730717
"POSE",2024-08-06 11:31:00,4.96140260784994,0.0135089403511622,6.32518382211206,0.0175496523346931,0.769755439796203
"POSE",2024-08-20 12:17:00,4.90106288659254,0.0137899228706035,6.30307210543819,0.0179690343244984,0.767427042632047
"POSE",2024-09-16 14:12:00,5.01208658654011,0.0138760486110451,6.2388854756201,0.017520843596592,0.791973773097556
"POSE",2024-10-01 12:37:00,3.53858158815428,0.0125796301784856,4.90050569139254,0.0167198436516785,0.752377261447819
"POSE",2024-10-08 13:23:00,4.75167692713326,0.0132379640793757,5.74154255526545,0.0162224477807853,0.81602753531778
"POSE",2024-11-12 13:55:00,4.5110500643383,0.0124016393580247,5.18567724808886,0.0145187352665628,0.854181795475409
"POSE",2024-12-03 14:42:00,4.65932163792518,0.0133276532977526,5.17007298790238,0.0149634527632116,0.890680346886202
"POSE",2024-12-10 14:14:00,4.5258779725283,0.0125489803516774,5.27134978637308,0.0148418065525601,0.84551569293381
"POSE",2024-12-17 13:57:00,4.42291440656007,0.0122870802843403,5.46502130619337,0.0154495068128123,0.795305664654004
"POSE",2025-01-14 17:43:00,4.61600144808352,0.0133999723602914,5.25156464534869,0.0153640387066637,0.872164709822003
"POSE",2025-01-28 16:37:00,4.52495260013629,0.0134248615162113,5.19733289277345,0.0154925196767909,0.866538290496599
"POSE",2025-02-10 13:59:00,4.45404235465491,0.0126533927640465,5.36473457950027,0.0154116100747516,0.821029905549983
"POSE",2025-02-18 17:46:00,4.67056370706833,0.0135826538492106,5.07029946596431,0.0148109777643057,0.917066655919547
"POSE",2025-03-03 14:15:00,4.57635825091989,0.0134221882848748,5.4974155931688,0.0162249756603756,0.827254756236967
"POSE",2025-03-10 13:30:00,4.63646692411174,0.0136462294164354,5.46035375328917,0.0161883004500486,0.842968627777997
"POSE",2025-03-18 13:04:00,4.7147808634754,0.0138187628430754,5.47511303523706,0.0161541377169488,0.855431783807125
"POSE",2025-03-25 13:04:00,4.62668655440292,0.0134862805211178,5.51780080677645,0.0162085171493063,0.832049002193579
"POSE",2025-04-15 13:10:00,4.67881069063959,0.0133841251175276,5.64448888281159,0.0163268457493925,0.819761840282317
"POSE",2025-04-22 14:22:00,4.65696390090472,0.0135726505795214,5.47316276878195,0.0160563111548646,0.84531561755449
"POSE",2025-04-29 13:14:00,4.46345668318054,0.0131181220663519,4.85552264268693,0.0143451585231286,0.914463374190088
"POSE",2025-05-06 13:05:00,4.71160282638613,0.013431043740833,5.84664876195736,0.0168794354984258,0.795704556712548
"POSE",2025-05-13 12:11:00,4.49494091452359,0.0125499751654374,5.69663396189829,0.0162950145083153,0.770172690489669
"POSE",2025-05-20 13:43:00,4.60057087164558,0.0132247924378402,5.46706778715889,0.0158831706795071,0.832629246684553
"POSE",2025-06-03 12:42:00,4.73036983496195,0.0133241941900951,5.71211553705052,0.0163281351285584,0.816026697794207
"POSE",2025-06-16 13:58:00,4.98514175731023,0.0145737350052264,5.77815370005766,0.0168703714459709,0.863865686176516
"POSE",2025-07-15 15:03:00,4.92142222531224,0.0137685993732803,6.15747585728989,0.0175031273625317,0.786636530038294
"POSE",2025-08-12 13:07:00,4.77732182912056,0.0131384416202768,5.69969388258364,0.0159195992885982,0.825299769303028
"POSE",2025-08-19 12:22:00,4.76258895402542,0.0130839419549246,5.57716045650367,0.0155506630900464,0.841375179898235
"POSE",2025-09-15 15:07:00,4.81445351696663,0.0135722456424279,5.85837923326487,0.0167045608232007,0.812487427001232
"PRIN",2023-11-06 16:26:00,5.08484755124985,0.0154932509548977,5.28421101764331,0.0160255124046444,0.96678661896686
"PRIN",2023-12-19 17:05:00,5.03990632928434,0.0157099514683009,5.11250192530204,0.0158836941800869,0.989061567805566
"PRIN",2024-01-02 16:18:00,5.24491951329042,0.0164082333562845,5.40453455121347,0.0168061496969422,0.976323170515964
"PRIN",2024-02-07 16:20:00,5.09389314550946,0.0158921077413593,5.0044406608438,0.0156186746230778,1.0175068067477
"PRIN",2024-02-29 15:07:00,5.07955990453211,0.0159924641172585,5.22352064194102,0.0163942775895176,0.975490626527147
"PRIN",2024-03-21 15:06:00,5.05976842653091,0.016172108696558,5.02276150163664,0.0159929998610962,1.01119920196445
"PRIN",2024-04-03 16:27:00,5.18619569662592,0.0164411985293196,5.1529276213404,0.0162189231820211,1.01370469203189
"PRIN",2024-04-22 16:22:00,4.86435497122756,0.0139620349479623,5.30312526001798,0.0152567658187189,0.915137265253947
"PRIN",2024-04-24 17:16:00,5.23017077592548,0.0153604583910285,5.66159516767808,0.0165748001406383,0.926735662613964
"PRIN",2024-04-25 14:53:00,5.22105605011668,0.0153829507858015,5.68058781411851,0.0166896213739711,0.921707595463643
"PRIN",2024-04-29 17:01:00,5.09364549353702,0.0147741495010209,5.59573374079361,0.0162034145907363,0.911792352055687
"PRIN",2024-05-01 15:37:00,5.16538839428582,0.0149120659783847,5.52813339792758,0.0159271974976279,0.936264272519109
"PRIN",2024-05-09 14:29:00,5.27173129443805,0.0155820176126009,5.67077084219873,0.0166851311552294,0.9338864326348
"PRIN",2024-05-15 15:26:00,5.19425400430173,0.0147717911922507,5.83910112226757,0.0166312596186507,0.888194371981615
"PRIN",2024-05-20 15:18:00,5.44863327921966,0.016303911339027,5.64450062117184,0.0167662137756426,0.97242654526526
"PRIN",2024-05-30 15:08:00,5.03249969362238,0.0143142977169459,5.48457223367628,0.0156858723330644,0.91255987636548
"PRIN",2024-06-05 13:14:00,5.24251918048408,0.0151817588993064,6.19969134831889,0.0180535779746559,0.840927982287998
"PRIN",2024-06-12 14:40:00,5.40014445704267,0.0164592377978129,5.98731092125787,0.0182031846409694,0.904195508777545
"PRIN",2024-07-01 13:30:00,5.3150074319572,0.0163524044034253,5.46562197418954,0.0167114826050888,0.978513085275019
"PRIN",2024-07-09 14:32:00,5.05196341899805,0.0153794463232552,5.48999078652362,0.0165644519760501,0.928460920137395
"PRIN",2024-08-13 14:24:00,5.24083672704859,0.0169193163402343,5.15461454679034,0.0165548125561995,1.02201799523839
"PRIN",2024-09-10 16:43:00,5.3763781212235,0.016237445594306,5.77853584486794,0.0173702886524985,0.934782715425424
"PRIN",2024-09-18 13:27:00,5.35922706661207,0.0160624276818447,5.64623354392609,0.016838511789425,0.953910172271415
"PRIN",2024-10-02 14:27:00,5.21479692863959,0.0160479358083699,5.36277947553838,0.0164457962191348,0.975807774493647
"PRIN",2024-10-08 14:19:00,5.19050973099645,0.015903994410531,5.3189340752857,0.0161986715763958,0.981808559765222
"PRIN",2024-11-07 15:02:00,5.02545593523157,0.0151842588547438,5.25784646388515,0.0158300897581844,0.95920232207738
"PRIN",2024-11-11 20:02:00,5.0665973204013,0.0147183582890641,5.04267876331856,0.0146696972690918,1.00331711139499
"PRIN",2024-12-16 17:15:00,5.22023246776903,0.0164398470342516,5.2348867581197,0.0164982248411651,0.996461570412846
"PRIN",2025-01-07 18:32:00,5.3628313699275,0.0167761903209119,5.62665498300789,0.0175698398611205,0.954828868875187
"PRIN",2025-02-03 16:45:00,5.17651668983996,0.0163079673777004,4.26201920520068,0.0135399684352472,1.20443171309377
"PRIN",2025-03-04 17:42:00,5.23270416730932,0.017019239566804,4.87623359878836,0.0158937834702293,1.0708110877868
"PRIN",2025-03-19 15:34:00,5.32544264321483,0.0173057035604678,5.00287234025991,0.0162374836632478,1.06578728079879
"PRIN",2025-04-01 17:28:00,5.12919982810488,0.0164227565496242,4.42014310074055,0.0142072040421587,1.15594570901432
"PRIN",2025-04-29 14:52:00,4.92931376798342,0.0145067828600376,5.64435423052725,0.0166248058822217,0.872598631395205
"PRIN",2025-05-07 16:20:00,4.83312117650228,0.0128159751866116,5.06212089817493,0.0135131732657427,0.948406043094364
"PRIN",2025-05-08 15:46:00,4.98229551557508,0.0138713394801757,5.54961989567882,0.0155602151485339,0.89146193338353
"PRIN",2025-05-13 16:03:00,5.21814456170937,0.0159794850639664,5.7137860537914,0.0174261263444656,0.916984345694323
"PRIN",2025-05-15 14:55:00,5.14228287954789,0.0160268836082538,5.54636269629063,0.0171990046729072,0.931849482749444
"PRIN",2025-05-19 19:26:00,5.18012805024112,0.0160224765676983,5.28992509857102,0.0162704426886956,0.984759718850824
"PRIN",2025-05-22 14:47:00,5.24197744236264,0.0163254950886193,5.44058883494755,0.0168642314780261,0.96805449509462
"PRIN",2025-05-29 18:45:00,5.30412607829477,0.0156057884907002,5.76291064790046,0.0169246758533001,0.922073109462674
"PRIN",2025-06-03 14:21:00,5.30125361551662,0.0159712409716597,5.60164103906089,0.0168158662238523,0.949772123484514
"PRIN",2025-06-04 14:32:00,5.31110073565094,0.0160794278510519,5.54309775124872,0.0167111551018847,0.962197272002968
"PRIN",2025-06-11 15:03:00,5.40688905606749,0.0160074679117975,5.5394830460818,0.0163411193174856,0.979582095987079
"PRIN",2025-07-01 14:48:00,5.17775492758163,0.015873871612495,4.95236771498444,0.0151412283006036,1.04838731028593
"PRIN",2025-07-10 14:05:00,5.36994974981051,0.0161608139656209,5.19815239802022,0.0155680684376077,1.0380744425931
"PRIN",2025-08-05 14:30:00,5.26312573107102,0.0161219837419772,5.20239951253497,0.0158321560951292,1.0183062651168
"PRIN",2025-09-03 15:38:00,5.30067308997957,0.0159907879147671,5.33294863536814,0.0159901650899641,1.00003895049235
"PRIN",2025-09-16 16:50:00,5.15259747385519,0.0162818050379369,4.90475886672438,0.015402860559108,1.05706371718785
"PRLA",2023-11-14 16:24:00,7.40699260184489,0.0267829153469513,4.70917057510209,0.0183590312850224,1.45884142420963
"PRLA",2023-12-19 16:21:00,7.34392939076921,0.0263928353110879,4.31984908674105,0.0170401389906706,1.54886267802967
"PRLA",2024-01-02 16:32:00,7.33082786412038,0.0263791200995226,4.25960814553267,0.0168962960640265,1.56123685330573
"PRLA",2024-02-07 16:35:00,7.50210048313717,0.0272158410764484,4.88864081610433,0.0190778704119671,1.42656598921945
"PRLA",2024-03-06 15:45:00,7.07400126295636,0.0255753349543932,2.89234647845892,0.0127267247562353,2.00957712563579
"PRLA",2024-04-22 14:35:00,7.36579584561112,0.0263151971138037,4.67551867304539,0.0179730549317212,1.46414714770383
"PRLA",2024-05-14 15:52:00,6.81223734513966,0.0242452562248322,2.87616578770325,0.0120376167855177,2.01412427865301
"PRLA",2024-06-11 14:43:00,7.17823965325291,0.0252865073224195,4.08449211360155,0.0157098164855565,1.60959915385821
"PRLA",2024-07-08 14:07:00,7.22549566484751,0.0257148977923217,4.91195504346234,0.0184298172141053,1.39528772822775
"PRLA",2024-08-12 14:23:00,7.38133511531424,0.0261206549412951,5.48984483085936,0.0200877989136773,1.30032439360542
"PRLA",2024-09-03 15:24:00,7.48710577538234,0.0263714763240695,5.41669523159012,0.0197829169237202,1.33304286853924
"PRLA",2024-10-22 20:20:00,7.54853656914301,0.0268670234060448,5.38072773592211,0.0199910279054188,1.34395407445568
"PRLA",2024-11-18 16:55:00,7.60022269500111,0.0270149601635336,5.33320708034127,0.0198297137911705,1.36234745735777
"PRLA",2024-12-09 15:57:00,7.64606492617404,0.0273023714317757,5.55166175258324,0.0206403721398979,1.32276546404898
"PRLA",2025-01-14 16:30:00,7.64726231053046,0.0273183760582043,5.59193385791854,0.0207838013144427,1.31440710218975
"PRLA",2025-02-10 17:00:00,7.67478952606086,0.0274568948456119,5.75918785864354,0.0213183948279229,1.28794381881176
"PRLA",2025-03-17 15:00:00,7.22531944493052,0.0260323406883038,3.93730600398607,0.015849549908819,1.64246561183538
"PRLA",2025-04-22 13:52:00,6.78672239173915,0.0237228206880763,2.46111368334498,0.0103391948527959,2.29445532518049
"PRLA",2025-05-06 14:52:00,7.20371500738746,0.025779679820408,3.66350262537516,0.0148222990978749,1.73924973785639
"PRLA",2025-06-17 16:09:00,7.56681668075258,0.0270079388754243,4.6033080314767,0.0177892918797883,1.51821326323337
"PRLA",2025-06-30 15:15:00,7.71538594885379,0.0273408984340196,5.06097864884955,0.0190204994451627,1.43744377022513
"PRLA",2025-08-06 13:29:00,7.69500387301852,0.0272811658270283,5.11625057758359,0.0191496824176246,1.42462758556872
"PRLA",2025-09-08 14:40:00,7.31771523835019,0.025822397602189,3.37339550388963,0.0136062195056702,1.89783779332885
"PRPO",2023-11-14 15:24:00,7.99557288022246,0.0300204517081962,3.75612816453978,0.0169755103626748,1.76845650391779
"PRPO",2024-01-03 16:21:00,8.1223436162982,0.0303689079320312,4.64264461177726,0.0195697058413324,1.55183262223034
"PRPO",2024-02-06 16:11:00,7.92594154117638,0.0298495688067216,4.41204149035491,0.0190057901754104,1.57055131784738
"PRPO",2024-03-05 15:47:00,7.63575685299082,0.0286158078693321,5.3129350515901,0.0213777898945565,1.33857653248892
"PRPO",2024-05-14 13:59:00,7.49751912186629,0.0278173224610633,2.79060516611464,0.0132769789891382,2.09515451397644
"PRPO",2024-06-11 13:22:00,6.85497646763978,0.0242924751635337,3.74970475890098,0.0146565050561741,1.65745347000719
"PRPO",2024-07-09 13:33:00,6.66936344712373,0.0238152884168363,3.28302829861753,0.0133360204422863,1.78578673599824
"PRPO",2024-08-13 14:10:00,7.3508028979746,0.0266434063716404,5.53506490290572,0.020871239913691,1.27656078325098
"PRPO",2024-09-03 13:57:00,7.6425213089059,0.0270306074126058,5.30168100637141,0.0196873006662247,1.37299713510137
"PRPO",2024-10-22 15:11:00,7.72761295382333,0.0279662859239006,5.48706638342125,0.0209156502878636,1.33709856203363
"PRPO",2024-11-18 15:45:00,7.64248222576632,0.0276688400862249,4.67173548610691,0.0184515440040131,1.49954063899515
"PRPO",2024-12-10 15:49:00,7.71818957895943,0.0278733329577036,5.2685751601004,0.0202136430128193,1.37893663898322
"PRPO",2025-01-15 16:25:00,7.63638758673326,0.0277204375835856,5.57592488634881,0.0212234243869725,1.30612464219493
"PRPO",2025-02-24 16:49:00,7.52981993772742,0.0274810095387553,5.58319227144129,0.0213318763915108,1.28826030276884
"PRPO",2025-03-18 15:14:00,7.31443786971695,0.0268243618993792,3.68877147641458,0.0156041856498658,1.71904913856302
"PRPO",2025-04-21 18:54:00,7.40790078409509,0.0269561280569479,5.02876780527122,0.0194974686224951,1.38254501539997
"PRPO",2025-05-13 13:44:00,7.42318547159136,0.0267688832082071,4.80744110650766,0.0185822203101001,1.44056430079334
"PRPO",2025-06-17 14:59:00,7.69455655128628,0.0278178382940505,5.34836120700397,0.0204387803755828,1.36103220362812
"PRPO",2025-07-01 14:11:00,7.78588685911445,0.0278540785955579,5.02381277438168,0.0192354158786811,1.44806219793922
"PRPO",2025-09-09 14:29:00,7.8329449552935,0.0286989551127213,3.86159916042941,0.0164663698549046,1.74288294053915
"REDB",2023-11-07 17:38:00,4.74084862400996,0.0150698226160806,4.37630078669545,0.0138622293505316,1.0871139291533
"REDB",2023-11-13 16:47:00,4.64115852362037,0.0160260171385298,4.21051162909741,0.0146691483904069,1.09249812681766
"REDB",2024-02-06 17:00:00,4.9167153611018,0.0150915214814827,5.73225577773366,0.0175807977961769,0.858409365516083
"REDB",2024-02-12 17:58:00,5.03251889913376,0.0157478228446569,5.81622703677678,0.0181218044116641,0.868998610012634
"REDB",2024-03-19 16:40:00,4.8898094777948,0.0149562173953523,5.71649835386726,0.0174602055556507,0.856588849866774
"REDB",2024-03-25 17:11:00,5.00581764420476,0.0149212050077453,5.40888730797006,0.0161628853514661,0.923177061723811
"REDB",2024-04-17 16:35:00,5.09654536040922,0.0148620160209646,6.25821610692335,0.0183351184332377,0.810576494233217
"REDB",2024-04-24 14:47:00,4.93972940042132,0.0146623553273257,5.90939962294415,0.0175857165237435,0.833765022171782
"REDB",2024-04-29 16:40:00,4.65749238411259,0.0131116577198718,4.03727564267587,0.0112735157930926,1.16304957215791
"REDB",2024-05-01 16:41:00,4.88590884617686,0.0149902648777049,5.54465147451273,0.016977233481462,0.882962756804474
"REDB",2024-05-14 16:42:00,4.90055080397875,0.0144179898311747,5.12996056053754,0.0151336322861672,0.952711785151102
"REDB",2024-05-20 17:22:00,4.92161121319505,0.0153370775846171,5.9191748214123,0.0182960044328284,0.838274697676498
"REDB",2024-05-29 17:26:00,4.82801646297671,0.0153460315921733,5.00213083387099,0.0158872336870771,0.965934780996893
"REDB",2024-06-11 16:23:00,4.6680647709964,0.0159994955906548,5.08805089273996,0.0173197093619147,0.923773907305689
"REDB",2024-06-26 15:50:00,4.74320903372133,0.0156905339823757,5.23088201326037,0.0172559432011248,0.909282894565452
"REDB",2024-07-01 16:29:00,4.61949568772917,0.01513235497426,4.42757609485573,0.0147917635737246,1.02302574664865
"REDB",2024-07-08 16:00:00,4.65577959010045,0.0153456544659301,4.50975966199165,0.0150695228367221,1.01832384689283
"REDB",2024-07-16 14:22:00,4.48179647883372,0.0151390764396018,4.58097809813956,0.0155951328544676,0.970756490558836
"REDB",2024-08-13 14:45:00,4.49290852559812,0.0138868723288355,3.83577670790693,0.0120501331495706,1.15242480364878
"REDB",2024-09-03 14:38:00,4.75707605434405,0.0149717422350729,4.7585711888844,0.0151298544134804,0.989549656322761
"REDB",2024-09-10 15:04:00,4.85477603583137,0.0152592237922366,4.9255876553913,0.0156125234928152,0.977370749786784
"REDB",2024-09-23 16:51:00,4.83092215513757,0.0152409375597613,4.68369582044948,0.0149347876610925,1.02049911291785
"REDB",2024-10-29 15:20:00,4.54175390198871,0.0140783447542173,4.32492833457664,0.0134531418133566,1.0464726343879
"REDB",2024-11-05 17:04:00,4.6173966030898,0.0142971424988814,4.03008235742222,0.0125127589373156,1.14260512573645
"REDB",2024-12-17 15:49:00,4.52995005433407,0.014457675426475,4.5647729010783,0.0147113093121583,0.982759258180126
"REDB",2025-01-07 16:08:00,4.63479613443274,0.0154496775324626,4.68245162998612,0.0156701141891504,0.985932670685935
"REDB",2025-02-11 18:03:00,4.98857872291091,0.0160702932324609,5.19428332301818,0.0167968360641361,0.956745256731622
"REDB",2025-02-19 18:04:00,5.04590963861322,0.016202832421226,5.01004685734855,0.0161988837464218,1.0002437621546
"REDB",2025-03-05 17:10:00,4.93556545922047,0.0157277137564661,5.25455828930474,0.016745852447798,0.939200545657154
"REDB",2025-03-19 19:17:00,5.0435426073495,0.0156114119199102,5.62783263616777,0.0173882257693492,0.897815115066478
"REDB",2025-04-07 15:40:00,5.03263499720655,0.0156075723046553,5.97142583695737,0.018422717583817,0.847191638999309
"REDB",2025-04-14 16:03:00,4.90798209631534,0.0147186809060251,5.13644351713973,0.0154353181268717,0.953571593733527
"REDB",2025-04-21 15:42:00,4.96791863920367,0.0155184439307129,5.58485792054297,0.0173806917007678,0.892855370654053
"REDB",2025-04-30 15:29:00,4.6059570855554,0.0151601963277073,4.54513266431004,0.0149453543278453,1.01437516937699
"REDB",2025-05-05 15:37:00,4.78443433704367,0.0152232576655943,5.27787125819314,0.0167529751180583,0.908689803352291
"REDB",2025-05-07 14:41:00,4.99938184734155,0.0153846792767847,5.6524866376067,0.0174030828501627,0.884020343363525
"REDB",2025-05-28 15:03:00,4.72628559134218,0.0150298645583119,4.67734943771858,0.0149735692550648,1.0037596448975
"REDB",2025-06-11 15:09:00,4.74541780303603,0.0151690425530549,4.68204876113908,0.0150734932414279,1.00633889637237
"REDB",2025-06-16 16:09:00,4.66493850221402,0.015264285432838,4.5241279898653,0.0149801244470971,1.01896920060607
"REDB",2025-06-23 15:17:00,4.64673376132229,0.0144895991103442,3.86254218255234,0.0122508839133418,1.18273907522414
"REDB",2025-06-25 15:17:00,4.76268606728481,0.0153258482573365,4.88516550301023,0.0158069471930011,0.969564082818117
"REDB",2025-07-01 15:10:00,4.67191119227965,0.0147106518255374,4.24256560571619,0.013587570188662,1.08265507528436
"REDB",2025-08-25 15:39:00,4.75329050257019,0.0147260162043618,4.7270786774103,0.0148144335130732,0.9940316780501
"REDB",2025-09-10 16:12:00,4.66946893113327,0.0150393997015945,4.46828944062375,0.0144969125966426,1.03742087160528
"SUGG",2023-11-14 15:17:00,5.21207575987675,0.0142010607822798,6.15684754817916,0.0167527617312252,0.847684758496306
"SUGG",2024-01-02 14:16:00,5.25004270680103,0.0139804938921197,6.30195477027695,0.0168722494804696,0.8286087701763
"SUGG",2024-02-06 13:55:00,1.9050382336793,0.00483157056570547,5.72866356621736,0.0169732795164866,0.284657455915484
"SUGG",2024-03-06 18:38:00,5.22560891490737,0.0138669063418459,6.32639548928165,0.0169181797965216,0.819645287414249
"SUGG",2024-04-09 13:10:00,5.21027422179295,0.0138042509521589,6.27709717292567,0.0167575140052988,0.823764846491781
"SUGG",2024-05-01 12:54:00,5.22360584724057,0.0137776379638606,6.24470621209901,0.0165860224690307,0.830677637726955
"SUGG",2024-06-04 15:29:00,4.69001615359628,0.0139936261248443,5.6089014626417,0.0164825842709514,0.848994665812591
"SUGG",2024-06-25 16:03:00,5.35295830142865,0.01420399988108,6.24323805301137,0.0165949234548078,0.855924398793473
"SUGG",2024-07-24 12:58:00,5.28001956449293,0.0142313948952158,6.14061727901409,0.0165417896472109,0.860329819126637
"SUGG",2024-09-03 15:52:00,5.44011562736488,0.0142559197380205,6.42501671887929,0.0169312232428536,0.841989945648946
"SUGG",2024-09-18 13:39:00,4.37146231427937,0.0138110606832573,5.46456587840737,0.0168347710013457,0.82038898433209
"SUGG",2024-10-01 15:56:00,4.44968509626769,0.0137707643103896,5.45065733495312,0.0165287543487213,0.833139873692595
"SUGG",2024-10-28 15:12:00,5.11655269311453,0.0132987550321239,6.44673545923598,0.0170505779242964,0.779959195000289
"SUGG",2024-12-03 14:14:00,5.15061199907205,0.0133710309789278,6.37293870548845,0.0168016134657356,0.795818271036651
"SUGG",2025-01-07 14:05:00,5.13803027309846,0.0135008250866371,6.33356632207258,0.0168426438895249,0.801585854049542
"SUGG",2025-02-11 14:05:00,5.12639182527012,0.0135289045677478,6.28776492803528,0.0167806264296649,0.806221664277757
"SUGG",2025-03-11 17:32:00,5.19023771030239,0.0135637936709222,6.32791835109543,0.0167409024286079,0.810218787712637
"SUGG",2025-04-02 15:15:00,5.19780415331514,0.0137410011526587,6.30473987369477,0.0168039250637907,0.817725686141504
"SUGG",2025-05-14 14:40:00,5.19171253576933,0.0138958175625811,6.12030359919365,0.0164194925348648,0.846300062750112
"SUGG",2025-05-28 14:42:00,5.2363476536231,0.0151523721402029,6.029399538976,0.0172124438456599,0.880314978864753
"SUGG",2025-06-25 15:50:00,5.31554983240371,0.0141659995680113,6.15075290070735,0.0164030944534337,0.863617508771087
"SUGG",2025-08-06 14:17:00,5.33111653399672,0.0144687249607722,6.13351665442927,0.0165935272163569,0.871949933978463
"SUGG",2025-09-02 14:55:00,5.4138341586673,0.0146395484197555,6.17182755616788,0.0166235980318625,0.880648605175355
"SYCA",2023-11-07 18:25:00,2.88119628076738,0.00600229063904952,5.902577658876,0.0157916946047128,0.380091610767233
"SYCA",2024-02-06 16:46:00,4.93222430638175,0.0145987441765806,6.21699256236106,0.0185903606217106,0.785285690452478
"SYCA",2024-02-12 17:33:00,5.09642899692738,0.0152102607661821,6.03360266840911,0.018100946028886,0.840301978797635
"SYCA",2024-02-14 14:51:00,5.05859979926732,0.015213714752879,6.11595459144188,0.0184630595607094,0.82400832336883
"SYCA",2024-02-20 17:40:00,5.24291597818323,0.0160879255018417,5.95763398044794,0.0182907637975741,0.879565538098275
"SYCA",2024-02-26 18:08:00,5.2829450772107,0.0163903428805139,5.8478038664364,0.0180928608918436,0.905901116384684
"SYCA",2024-02-28 16:15:00,5.25231226170086,0.0163873462244355,6.04108431552713,0.0187780553764717,0.872686010126921
"SYCA",2024-03-05 17:49:00,5.35508287215471,0.0171500013356593,5.55241795534947,0.0176876390621249,0.969603759745589
"SYCA",2024-03-12 17:13:00,5.26253335228465,0.0169022543545053,5.29810930259006,0.0169943239449104,0.994582332859867
"SYCA",2024-03-25 18:18:00,5.11561422842101,0.0152659446469133,5.53356269482084,0.0165397014550322,0.922987920212352
"SYCA",2024-04-02 17:28:00,4.94233203433234,0.0145134753822275,5.24502366533875,0.0154698191233247,0.938180030841135
"SYCA",2024-04-09 18:27:00,5.33655382619235,0.0168119521794493,5.59266761945144,0.0175803894473443,0.956290088442202
"SYCA",2024-04-16 16:09:00,5.36922261943972,0.0172345003295608,5.71731514159285,0.0182303592920387,0.94537359650872
"SYCA",2024-04-23 17:11:00,5.39833861840172,0.0174215635815586,5.35793046708669,0.0172289105030434,1.01118196524854
"SYCA",2024-05-07 18:18:00,5.39088374446059,0.0173139556265135,5.21883582102991,0.0167082091094115,1.03625442518318
"SYCA",2024-05-22 16:58:00,5.41604145802309,0.0173168169617903,5.60698680973021,0.0177891882573983,0.973446157926198
"SYCA",2024-06-17 15:32:00,5.20806753603182,0.0162808989025743,5.72271810183507,0.0177714908436791,0.916124541592133
"SYCA",2024-06-25 15:32:00,5.20039455456661,0.0161097559521346,5.86244673851266,0.0180350149473936,0.893248827302067
"SYCA",2024-07-09 13:10:00,5.23085320025834,0.0164080347812553,6.30000057744252,0.0194696819626249,0.84274796130482
"SYCA",2024-08-13 14:59:00,4.97457404055476,0.0146188466957303,6.19222986294268,0.0181469885822123,0.805579759391026
"SYCA",2024-08-27 15:06:00,4.9876468145481,0.0145540278912794,6.42359915350482,0.0187390455550217,0.776668579439959
"SYCA",2024-10-01 16:37:00,3.92008489695136,0.015438570301433,4.22560871350722,0.0162745392453155,0.948633326493521
"SYCA",2025-06-03 18:30:00,5.68524820425959,0.0166211351892718,6.3603026841346,0.0184619937431891,0.900289287304283
"SYCA",2025-09-29 18:42:00,5.28766390833824,0.0143026855307058,6.34697981777375,0.0174486194032378,0.819702991977223
"TECR",2023-11-01 17:44:00,4.73301902200742,0.0134347106023136,6.02164631846251,0.0173692263926847,0.773477776072505
"TECR",2024-01-02 18:45:00,4.74048836092494,0.0132912649571417,6.16931118293498,0.0176601174566635,0.752614754106671
"TECR",2024-03-13 17:45:00,4.59910944675567,0.0134291255356098,5.91579177006458,0.0175190250478939,0.766545255737518
"TECR",2024-03-25 19:46:00,4.88729851146676,0.0138824425982974,6.03682779655367,0.0174336924441982,0.796299615972484
"TECR",2024-05-15 18:33:00,5.01177774538945,0.0142769722284368,6.19368352892633,0.0179275483739776,0.796370587355956
"TECR",2024-05-21 18:00:00,4.85052556645955,0.0139772265629192,6.08678329697034,0.017796695952743,0.785383230686977
"TECR",2024-05-28 17:44:00,5.02290175559137,0.0136795306181973,6.42485091763192,0.0179733411958471,0.76110114803574
"TECR",2024-06-03 18:00:00,4.93920311416743,0.0133867010240976,6.20329092182296,0.0172836959843879,0.774527684135943
"TECR",2024-06-10 17:45:00,4.93038572399062,0.0130822488938987,6.35064136991713,0.017440304585234,0.750115849752697
"TECR",2024-06-17 20:16:00,4.82245689178248,0.0131597060264307,6.14920522381448,0.0172162063896283,0.764378965296245
"TECR",2024-06-24 18:54:00,4.83996072274621,0.0131023568266656,6.15468746049006,0.017121446284355,0.765259932429778
"TECR",2024-07-30 17:26:00,4.61223956390659,0.0127628197945345,6.13095196637409,0.0173854945884349,0.734107374950639
"TECR",2024-08-07 17:39:00,4.65388087501011,0.0127632123558014,6.09744277235373,0.0171634598802324,0.743627010221938
"TECR",2024-08-26 18:37:00,4.76558943468024,0.0129752476919718,5.90697654329692,0.01650009261318,0.786374234142625
"TECR",2024-09-30 18:28:00,4.78022446336468,0.0129676245952231,5.9489544451369,0.0165938698700669,0.781470789921941
"TECR",2024-10-09 18:05:00,4.70555224017973,0.0128927278195499,5.80963592218514,0.0163645154879281,0.78784659582868
"TECR",2024-10-29 18:18:00,4.73788031999889,0.0130001897404568,5.91383727103922,0.016660896998583,0.780281502344227
"TECR",2025-01-07 19:17:00,4.7124695349641,0.0133824510614016,5.89511572014628,0.0170458860893322,0.785083919443571
"TECR",2025-03-04 19:48:00,4.84444489548375,0.0139842328691079,5.95574832291456,0.0173973880678464,0.803812205290365
"TECR",2025-04-28 19:33:00,4.81216496394999,0.0138387991567455,5.95289852588119,0.0173558602972541,0.797355989258276
"TECR",2025-05-07 16:17:00,4.83364630410443,0.0133304302207034,6.10725726171402,0.0172876180676457,0.771096987944897
"TECR",2025-05-19 18:10:00,4.83151681665135,0.0134197085116875,6.05604645750702,0.0171694949366618,0.781601821206318
"TECR",2025-05-27 18:20:00,4.87869601866169,0.0132772511688263,6.16488149459286,0.0172131405146589,0.77134391353625
"TECR",2025-06-04 16:05:00,5.16907362188412,0.0152388070238432,5.66788015369323,0.0167049611432488,0.91223241366244
"TECR",2025-06-11 17:45:00,4.84414618665531,0.0130039148987813,6.23496531825663,0.0172648621739271,0.753201199510267
"TECR",2025-06-16 18:02:00,4.8725420239046,0.0130475839536129,6.20486647118335,0.0171296231803053,0.761697079747456
"TECR",2025-07-08 17:33:00,4.89979308349668,0.0132458181516551,6.0529310649606,0.0167803258005806,0.789365969950165
"TECR",2025-07-21 17:46:00,4.819260043625,0.0130223733528327,5.93298671017397,0.0164378448469257,0.792219021051788
"TECR",2025-08-06 17:51:00,4.98670553782227,0.013568418937358,6.10658617163623,0.0169869230772268,0.798756718663681
"TOMB",2023-11-02 16:10:00,5.80786191701074,0.0177738320669613,5.06081263012588,0.0154683773912654,1.14904308431198
"TOMB",2023-11-09 17:16:00,5.73817693489223,0.0176226658652228,4.7620728935938,0.014619423281544,1.20542825293732
"TOMB",2023-12-20 17:42:00,6.09790151676128,0.0191307839119505,5.35177799447642,0.0167616198270882,1.14134457822707
"TOMB",2024-01-09 17:30:00,5.9156481905576,0.0184405576887948,5.29401413970358,0.0165025183013675,1.11743900852191
"TOMB",2024-01-17 17:37:00,5.06620433874548,0.0142566127759806,4.41619842147293,0.0122760891996612,1.16133180071501
"TOMB",2024-01-30 16:47:00,4.52131551390702,0.0119191866282297,4.29726988888325,0.0113599649652878,1.04922741088116
"TOMB",2024-02-07 17:00:00,4.88851332037971,0.0136521560550073,5.36497832015747,0.0151467827927194,0.901323815217675
"TOMB",2024-02-13 16:29:00,3.90391218232528,0.00783220603309547,3.15064395433778,0.00551140670565818,1.42109019554929
"TOMB",2024-03-04 17:56:00,4.83186963956203,0.013512477024703,5.24235018168286,0.0147588205202577,0.915552635534526
"TOMB",2024-03-06 16:51:00,4.92891695412232,0.0141190222316851,5.47018497304709,0.0157589645536282,0.895935908963921
"TOMB",2024-03-12 16:01:00,4.73583382475736,0.0094862982269979,4.18954047667522,0.00781406683164923,1.21400269941071
"TOMB",2024-03-21 15:49:00,4.57581518442802,0.0119558247397304,4.47437833911604,0.0116610697642718,1.02527683835335
"TOMB",2024-03-28 15:00:00,4.68948442280297,0.0120915503385193,4.56285722231899,0.0117589345857953,1.02828621507308
"TOMB",2024-04-15 15:57:00,3.97220283201646,0.00804302074790698,3.40911358600856,0.00628399263979094,1.27992205098677
"TOMB",2024-04-22 16:10:00,4.7834125631901,0.0133951350510684,5.08081185086804,0.0142932352519582,0.937166065970493
"TOMB",2024-04-30 16:31:00,5.1990640685292,0.015133080090877,5.98039438986989,0.0174280709125438,0.868316417050208
"TOMB",2024-05-08 16:42:00,5.05243498927987,0.0142435433607867,4.7927276293716,0.0134157787847507,1.06170082179477
"TOMB",2024-05-15 15:50:00,5.33075499245301,0.0162460761605491,5.68557803049938,0.0173396068936355,0.936934514156269
"TOMB",2024-05-28 15:55:00,5.32911960558941,0.0151654925124491,4.90140404045461,0.0138207643085471,1.09729767282626
"TOMB",2024-06-10 18:02:00,5.31477456473306,0.0152607185274544,4.25102602160453,0.0119672574003216,1.27520600727149
"TOMB",2024-07-18 17:12:00,5.43786408917693,0.0163271067858475,4.61944376975269,0.013760565238843,1.18651425304534
"TOMB",2024-08-12 16:10:00,5.47237912950216,0.0164559349884599,4.19325843903127,0.0124816503753375,1.31841018564141
"TOMB",2024-08-15 16:55:00,5.78852121599926,0.0184340109041261,5.36104945590084,0.0170513040519109,1.08109097392233
"TOMB",2024-09-09 16:34:00,5.97611428768356,0.0180990258683932,5.27617855306542,0.0159212371595031,1.13678514345791
"TOMB",2024-10-07 15:40:00,5.98668744148528,0.0188788577495429,5.17304245081531,0.0163503460582803,1.15464575992763
"TOMB",2024-11-04 18:29:00,5.96587601195508,0.0184974805788127,5.19909245007107,0.0161466085026332,1.1455954094506
"TOMB",2024-11-13 16:48:00,5.5332922146741,0.0164442685077144,4.12789406399403,0.0120793660994771,1.36135194283301
"TOMB",2024-12-12 17:38:00,5.53843474943321,0.0163655729258473,4.06076633141689,0.0117876346267278,1.38836784851979
"TOMB",2024-12-16 17:44:00,4.80245497301035,0.0125716633195629,3.62005963899434,0.00893794221793047,1.40655007752711
"TOMB",2025-01-06 17:21:00,4.54711999723599,0.0122526394115524,3.78116032937133,0.00993463261885126,1.23332586937364
"TOMB",2025-01-16 17:00:00,4.36443132168023,0.0111366114862023,3.65228494863057,0.00894988096193494,1.24433068256079
"TOMB",2025-01-27 18:01:00,4.55516031936864,0.011043809294073,3.84018341873072,0.0088240444060423,1.25155867149883
"TOMB",2025-02-10 17:48:00,5.24179856753133,0.0163822501797896,5.94872320778374,0.0184975202570963,0.885645748840569
"TOMB",2025-02-13 16:48:00,5.15220236125921,0.01634229119281,6.03333183658367,0.0189687776920916,0.861536333973875
"TOMB",2025-02-27 17:45:00,4.95763654150755,0.0144035251906347,5.82985904866479,0.0170945746924087,0.84257873914997
"TOMB",2025-03-10 16:46:00,4.82814693917952,0.0141104913199653,4.94664878619394,0.0144986882098075,0.973225378446328
"TOMB",2025-03-17 17:47:00,4.92641368982892,0.0152281480134202,6.15302237638051,0.0189368935808153,0.804152378447516
"TOMB",2025-03-20 16:34:00,6.16421578086642,0.0198712113602776,5.88436134620879,0.0185937657676786,1.0687028979799
"TOMB",2025-04-02 16:23:00,4.98050714687008,0.0140673457728037,5.18344528524474,0.0146848690362279,0.957948330223393
"TOMB",2025-04-08 16:15:00,4.65938204361972,0.0125075141216022,4.27328356899905,0.0113829690354533,1.09879189538744
"TOMB",2025-04-21 16:36:00,4.31579764319851,0.0100504701711142,3.12687760131903,0.00644782680817752,1.5587376134805
"TOMB",2025-04-28 16:40:00,4.97829532872001,0.0147088124462361,5.64985280642811,0.0167724700175254,0.876961618107943
"TOMB",2025-05-07 16:53:00,4.63258661453765,0.0121793993532978,4.18421415175176,0.010839721311923,1.12358971257879
"TOMB",2025-05-14 16:10:00,5.94738173806728,0.0189774082411579,6.11262190424803,0.0190633001627534,0.995494383403595
"TOMB",2025-06-09 16:14:00,5.18455039110837,0.0151138005073393,5.15839909407375,0.015027024400726,1.00577466997452
"TOMB",2025-07-08 17:43:00,4.79661423531841,0.0125794643035543,4.20938418621974,0.010735812632966,1.17172912136405
"TOMB",2025-07-14 17:46:00,6.78688017045923,0.0211420566230233,6.52842483487308,0.0199032845794258,1.06223957853058
"TOMB",2025-08-04 16:49:00,6.85160970123129,0.0215844554479378,6.49097812178446,0.0200479657005694,1.0766406811702
"TOMB",2025-09-15 17:03:00,5.6230224657707,0.0172700797267471,4.21816759309153,0.012935701859666,1.33507094660212
"TOOK",2024-01-09 20:29:00,5.82990525827766,0.0182062539977445,6.36871056980339,0.0196758145421128,0.925311323644418
"TOOK",2024-02-06 20:30:00,5.83115514902402,0.0181523621975289,6.38441154801945,0.0197031046758561,0.921294511507748
"TOOK",2024-03-18 19:30:00,5.71545684851612,0.0181686564082285,6.2553430090281,0.0196768014860738,0.923354154946747
"TOOK",2024-04-02 19:30:00,5.83070323682781,0.0182593933129453,6.55252914616488,0.0202976040082283,0.899583680199063
"TOOK",2024-05-06 18:20:00,5.91588628746182,0.0184169829377886,6.33900149677004,0.0195753822444537,0.94082366861606
"TOOK",2024-05-18 17:36:00,4.86156817040556,0.0137668282071421,6.28362758497995,0.0179971320627566,0.764945667961805
"TOOK",2024-05-18 19:04:00,5.69449164450758,0.0174342425955357,6.66231530480146,0.0201956867700644,0.863265646473489
"TOOK",2024-05-27 21:20:00,5.05580370262959,0.0142836796605432,5.88301627532418,0.0166909286117133,0.855775013651384
"TOOK",2024-05-27 22:31:00,4.97738368641117,0.0141305161158398,6.07060132892022,0.0173605485849859,0.813944101286092
"TOOK",2024-06-03 16:55:00,5.16926164825907,0.0149144522636507,6.02371537096876,0.0173894706871917,0.857671434164816
"TOOK",2024-06-03 18:05:00,5.18913281127087,0.014691784604934,6.18126413073411,0.0175885217463175,0.835305252870954
"TOOK",2024-06-10 21:10:00,5.0445170828494,0.0140986999103028,6.1830787571589,0.0174324391478879,0.808762318955865
"TOOK",2024-06-10 21:37:00,5.06466111777348,0.0143758260389634,5.88436611728745,0.0167655759990213,0.857460909175004
"TOOK",2024-06-24 19:38:00,5.69414845133198,0.0174556377279909,6.13839723971792,0.0186653970185268,0.935187058205346
"TOOK",2024-06-24 21:21:00,5.3455137425509,0.0160305666926782,5.69649081483029,0.0169524764359502,0.945617989987768
"TOOK",2024-06-24 22:06:00,5.78801734253868,0.0177410987836928,6.0526873115272,0.0183896874346861,0.964730849651634
"TOOK",2024-07-02 16:53:00,5.54023394237919,0.0167784641337616,6.25637143067737,0.0187751413688368,0.893653145089534
"TOOK",2024-07-02 17:29:00,5.81719223819149,0.0180926595463423,6.23242731838033,0.019177287851493,0.94344203864749
"TOOK",2024-07-02 22:04:00,5.79819933230474,0.017956502935559,6.16324985341069,0.0189005047986933,0.950054145474489
"TOOK",2024-07-02 22:06:00,5.63409884021927,0.0170524652692444,5.95920794140848,0.0179136262314346,0.951927044191701
"TOOK",2024-07-08 19:03:00,5.52745053136616,0.0168174119353077,6.1323269754421,0.018505531200107,0.908777584034469
"TOOK",2024-07-08 19:56:00,5.09565486807008,0.0145221664720961,6.23836107327206,0.0178774185179729,0.812318985400291
"TOOK",2024-07-08 21:27:00,5.58218366232261,0.0171560771270202,5.89306608377616,0.0179633514936574,0.955059924818471
"TOOK",2024-08-12 18:20:00,5.68528268743782,0.0176486019524547,6.12331927042921,0.0188348108290424,0.937020398699275
"TOOK",2024-08-12 19:15:00,5.78200929344208,0.0176294997558948,6.23002101016856,0.0188455707557668,0.935471787210274
"TOOK",2024-08-12 19:55:00,5.6269430821383,0.0172498410771302,6.270897600139,0.0190673765052154,0.904678264071197
"TOOK",2024-08-12 20:53:00,5.37103698406368,0.0165286640970972,6.20741250678629,0.0188976783515519,0.874639931404052
"TOOK",2024-09-02 18:39:00,5.82175644317951,0.018041368252299,6.0727188414408,0.0186753739786968,0.966051243358177
"TOOK",2024-09-02 19:28:00,5.44619515572886,0.0166842754923125,6.40443042155793,0.0194386898813869,0.858302467610647
"TOOK",2024-09-02 19:32:00,5.86386132983429,0.0180359964921012,6.28538764106942,0.0191683668243568,0.940925048929226
"TOOK",2024-10-08 17:30:00,5.52004939148414,0.0176551510840528,6.18053540268683,0.0195238820080429,0.90428486900196
"TOOK",2024-10-08 18:23:00,5.91749494814197,0.0185277369376208,6.19397908918398,0.019246689535406,0.962645389147954
"TOOK",2024-11-05 21:22:00,5.79201760098908,0.0187046512719284,6.23044974816904,0.0199007243668863,0.939898012107133
"TOOK",2024-12-09 20:24:00,5.92321927032831,0.0186945484399015,6.3214362820769,0.0197717763213147,0.945516889129893
"TOOK",2025-02-10 19:58:00,5.83266579429902,0.0186624569373795,6.18150780124869,0.0195967590541929,0.952323641157717
"TOOK",2025-03-10 18:59:00,5.89350139419657,0.0187869176686786,6.36238639284153,0.0200802892732159,0.935589991412001
"TOOK",2025-03-31 19:50:00,5.88979009333748,0.0186845013571693,6.21591928606284,0.0195513713550783,0.955661933776129
"TOOK",2025-05-05 22:42:00,5.90996515430625,0.018867732790397,6.23607255940225,0.0197273326556496,0.956425945653306
"TOOK",2025-05-24 17:25:00,4.84024750212587,0.0138468532976191,6.15055269723382,0.0177641861139947,0.779481435781093
"TOOK",2025-05-24 18:33:00,5.89876992140924,0.018982443758696,6.19889042391497,0.0197731246036996,0.960012347018959
"TOOK",2025-06-02 21:59:00,5.27700922016376,0.0156982082612635,5.88394076384369,0.0174320033261678,0.900539540266055
"TOOK",2025-06-02 22:41:00,4.8677394542809,0.0136873269635247,5.87427758312106,0.0166582542487086,0.821654343796907
"TOOK",2025-06-09 21:00:00,4.8920221433579,0.0133881410621429,6.05583424424157,0.016839864503184,0.795026649983524
"TOOK",2025-06-09 21:24:00,5.16318012639215,0.0149255760743832,5.88841108640912,0.0170309850923323,0.876377731145043
"TOOK",2025-07-07 20:00:00,5.75100745867026,0.0176242912094282,6.08014337836758,0.0184535240820213,0.9550637120093
"TOOK",2025-07-07 20:15:00,5.79329630332914,0.0177773616761011,6.20118996325725,0.0188685635323434,0.942168260219077
"TOOK",2025-07-07 21:27:00,5.56387632373393,0.0168291186227588,6.19556880356883,0.0185481992746132,0.90731819157198
"TOOK",2025-07-07 22:00:00,5.73354470411314,0.0177384196330151,6.03441616174432,0.0184838542520546,0.959671039985794
"TOOK",2025-07-14 19:06:00,5.90263547566917,0.0181020387695403,6.17406031932672,0.0187542061288198,0.965225541683829
"TOOK",2025-07-14 19:45:00,5.75356393720053,0.0175679850424618,6.10290521370285,0.0184932162079382,0.949969158686461
"TOOK",2025-07-14 20:21:00,5.82529775479576,0.0181277766827336,5.96389032562804,0.0184168571353007,0.984303486178813
"TOOK",2025-07-14 20:46:00,5.63067446174314,0.0171494763637766,6.20484922974641,0.0187239418689082,0.915911643170283
"TOOK",2025-08-04 19:13:00,5.83001870143051,0.0184247364001985,6.19125438437577,0.0193364562082403,0.952849694989443
"TOOK",2025-08-04 19:31:00,5.68000209498803,0.017687213730882,6.27402341518648,0.0193400827549844,0.914536610569755
"TOOK",2025-08-04 21:38:00,6.0018983971136,0.0188312963601671,6.2123922020319,0.019283022282281,0.976573904468859
"TOOK",2025-08-04 22:17:00,5.43603885511949,0.0165476589816556,6.21726545849599,0.0187566184934805,0.882230397094623
"TOOK",2025-09-01 21:30:00,5.82946728657641,0.0182815794021261,6.2026742412772,0.0192494559302109,0.94971927873734
"TOOK",2025-09-01 22:21:00,5.74265394458958,0.0179038500658303,6.13775014298127,0.0189548981617259,0.944550053135189
"TOOK",2025-09-01 22:59:00,5.29689704858465,0.0159800479222242,6.32681556682042,0.0189518421504207,0.843192329030109
"WALK",2023-11-13 16:04:00,3.55330121398983,0.0118354533509878,3.6873104395694,0.012205722046293,0.969664334981504
"WALK",2024-01-10 16:49:00,4.35304344442886,0.0142876979416643,4.76030231496128,0.0153503553503918,0.930773106910499
"WALK",2024-01-22 15:43:00,4.04997554990228,0.0128867421916651,4.16231419128718,0.0132858416344692,0.969960544933132
"WALK",2024-01-29 16:22:00,4.3373650005564,0.0146626169930266,3.63721850887231,0.0124758680975472,1.17527829553675
"WALK",2024-02-12 14:07:00,4.34020640291082,0.0148308766070221,4.09309108196857,0.0141870499700107,1.04538129056938
"WALK",2024-02-19 14:01:00,3.79154993040807,0.0137911374287508,3.34979474522921,0.0125314726163695,1.10052009456062
"WALK",2024-02-26 13:37:00,3.84945173619766,0.0125618266634032,3.62169476105547,0.0121215432305267,1.03632239101105
"WALK",2024-03-04 14:00:00,4.47538693051017,0.0146532415975623,5.47655482003754,0.0176144001023826,0.831889903283181
"WALK",2024-03-19 13:47:00,3.83620872800512,0.0138239248172151,3.47929518702752,0.0130484400301259,1.05943122590124
"WALK",2024-04-01 12:52:00,3.99026320030973,0.0134102879865068,3.47703232427069,0.0119499754908562,1.12220213311466
"WALK",2024-04-09 12:17:00,3.84387394679902,0.0124785831772228,3.37490323723699,0.011160051670285,1.11814743747545
"WALK",2024-04-16 13:43:00,3.83705639625156,0.0125312112174007,3.52792713650888,0.0114952953766454,1.09011650477986
"WALK",2024-04-30 14:46:00,4.23627449219772,0.0129266344185969,4.436203032504,0.0136309945436499,0.948326578607493
"WALK",2024-05-06 13:19:00,3.44803603753357,0.0120843802067973,4.00381420790528,0.013927540049757,0.8676607759608
"WALK",2024-06-03 13:11:00,3.91895111916856,0.0134151978018758,3.80150214671069,0.0132283557719869,1.01412435778939
"WALK",2024-06-10 13:27:00,4.08232443225134,0.0133311592064718,4.60524182962432,0.0149957362571295,0.888996643971626
"WALK",2024-07-01 12:38:00,3.97296845583184,0.0127054868365466,4.05352234115796,0.01309801015958,0.970031835503933
"WALK",2024-07-08 13:36:00,3.88629838037514,0.0124837807472695,5.14914066561393,0.0162384513928791,0.768779019946686
"WALK",2024-08-05 14:01:00,3.7173979937156,0.0119031101168486,3.14587605388239,0.0102649377966795,1.15958911321401
"WALK",2024-09-04 12:35:00,4.38802043662712,0.0128720371502288,4.81527660139054,0.0142579865409352,0.902794873124107
"WALK",2024-09-09 14:10:00,3.89521559137507,0.013069475455431,3.92551715264881,0.0133244882463273,0.980861344452262
"WALK",2024-10-07 12:52:00,4.38742506702233,0.0121946739568717,4.54193842202148,0.012768005371882,0.955096242654094
"WALK",2024-11-12 13:30:00,3.90781722839991,0.0106851329914087,4.54333056005798,0.0127222165593572,0.839879822950331
"WALK",2024-11-20 15:22:00,4.2543362555186,0.0119353350706108,4.67591647767695,0.0133125182953924,0.896549759089667
"WALK",2024-12-04 17:18:00,4.23893032951397,0.0118888077137727,4.28886052401672,0.0121324636259279,0.979917029247508
"WALK",2024-12-10 14:09:00,4.14815360524296,0.0121586460533411,4.62026141131986,0.0137373471494676,0.885079624257173
"WALK",2025-01-06 17:24:00,4.40692753818443,0.0139201418445925,4.98178547999617,0.0157619211770085,0.883150073412206
"WALK",2025-01-13 18:15:00,4.5677710073767,0.0131665916475253,4.61075248124655,0.0133449194475352,0.986637026869211
"WALK",2025-01-29 17:31:00,4.36026697372943,0.012987097060439,4.13837716261211,0.0123863024142474,1.048504761639
"WALK",2025-02-04 17:24:00,4.5585406087159,0.0137463805110612,4.51284376676379,0.0136730991998527,1.00535952457723
"WALK",2025-02-10 16:14:00,4.54129475880471,0.0137635516418696,4.50383014814826,0.013749626216784,1.00101278571984
"WALK",2025-02-17 14:42:00,4.27477369702777,0.0149588270743087,3.74751072739439,0.0133993862465591,1.11638151173902
"WALK",2025-02-24 14:40:00,4.32887040460277,0.0144726833453065,3.90535794094564,0.0134017733191969,1.07990808384855
"WALK",2025-03-03 16:54:00,4.70366078673366,0.0141905520531331,4.55598505101151,0.0137130021147668,1.03482460910963
"WALK",2025-03-17 14:39:00,4.49137615347381,0.0142886476028371,3.95536545431011,0.0127685933622278,1.11904633482228
"WALK",2025-03-31 14:48:00,4.45565145105765,0.0132953930322734,4.88162923795751,0.0146658361273475,0.906555406512511
"WALK",2025-04-09 15:22:00,4.65318987027127,0.0147628902259589,4.20747730999695,0.0133705144469282,1.10413778651207
"WALK",2025-04-29 14:53:00,4.28953235506138,0.0129503776108208,4.24811701374092,0.0129803165581246,0.99769351177456
"WALK",2025-05-05 13:32:00,3.97032772272088,0.0120284089223336,3.57814696035552,0.0109403146401274,1.09945731160375
"WALK",2025-05-13 13:42:00,5.92190497775456,0.0186134574032469,4.55486761440427,0.0140260155079953,1.32706664930155
"WALK",2025-06-02 14:00:00,4.50577115981011,0.0138538927310347,4.33566869265636,0.0134190276059814,1.03240660484665
"WALK",2025-06-11 14:17:00,4.37486305156221,0.0137303063427643,4.36144408046141,0.0137882792139999,0.995795496280874
"WALK",2025-07-07 14:31:00,4.56035392408251,0.0129968255643795,4.50827585626031,0.0128766417832122,1.0093334724372
"WALK",2025-07-15 12:15:00,4.40217744084182,0.0126156568835019,4.86022318589702,0.014144873259836,0.891889001177818
"WALK",2025-08-05 13:03:00,4.45181149459394,0.0131730578640392,4.68959278816218,0.0140826163080852,0.935412680133607
"WALK",2025-09-03 14:04:00,4.29622700109307,0.0128567978838957,4.77455288089629,0.0144707309863036,0.888469137880085
"WALK",2025-09-15 13:07:00,3.71627069770954,0.0123587816747288,3.87624300154304,0.012997385667543,0.950866735115134
"WLOU",2023-12-13 17:44:00,5.10005832189308,0.0158658919145118,5.12875995097353,0.0160035481362547,0.99139839362053
"WLOU",2024-01-22 18:47:00,4.85233514040834,0.0154639280439577,5.67932028935877,0.0179525940635463,0.861375686946437
"WLOU",2024-02-21 17:35:00,4.87272831208234,0.0161570021677677,5.53396190559568,0.01821957261347,0.886793697664597
"WLOU",2024-03-20 16:35:00,4.79155886136162,0.0155317670061078,5.47474617136637,0.0177165832408247,0.876679594196112
"WLOU",2024-04-16 16:39:00,5.03724111437022,0.0148691907971918,6.55893988136687,0.0194367858645603,0.765002552418054
"WLOU",2024-05-06 17:17:00,5.05206158542911,0.014823247320599,6.56617151462011,0.019464573937003,0.761550053372572
"WLOU",2024-05-14 17:29:00,4.9599238767582,0.014678452833877,5.53729676300739,0.0165442906822456,0.887221647382508
"WLOU",2024-05-16 15:33:00,4.99611687624667,0.0148001263377677,6.07176931343605,0.0181451790740599,0.815650607655108
"WLOU",2024-05-21 14:27:00,5.02023955187509,0.0144832629091581,6.29255374693683,0.0183872631766043,0.787679099931866
"WLOU",2024-05-27 17:23:00,5.08570663068762,0.0152004362452404,6.47870608388256,0.0194301657552975,0.782311197787703
"WLOU",2024-06-04 13:56:00,5.02214752458973,0.0145480325220005,6.67617569941787,0.0196006289294567,0.74222274062528
"WLOU",2024-06-06 17:14:00,5.14631182471257,0.0147380979649386,6.50104259208721,0.018911641273223,0.779313532443443
"WLOU",2024-06-11 15:12:00,5.04122945212104,0.0145644239875965,6.46633317524384,0.0189613518896359,0.768111054125697
"WLOU",2024-06-12 16:29:00,5.1009630651501,0.0145656453125144,6.46971958692547,0.0187893416685957,0.775207858232697
"WLOU",2024-06-13 16:54:00,5.10604866392477,0.0146029894354762,6.42398796079227,0.0186579002365371,0.782670571197485
"WLOU",2024-06-19 16:02:00,5.10470704468799,0.0148523722504778,6.34742994788341,0.0186630208905912,0.795818229939696
"WLOU",2024-06-25 16:01:00,5.07564398308866,0.015040466398358,6.22500565933042,0.0185383145634936,0.811317897689379
"WLOU",2024-06-27 16:44:00,5.04392040130665,0.0149822923363062,6.16236428177982,0.0183989437151439,0.81430176472438
"WLOU",2024-07-16 13:58:00,4.97658599597296,0.0150976765710429,5.87421944498043,0.0178754208879241,0.844605375487541
"WLOU",2024-07-22 16:21:00,4.81432987970074,0.0153648149110081,5.41360417111883,0.0172113205208403,0.892715634015625
"WLOU",2024-08-13 16:54:00,5.05751431684322,0.0151324633950244,5.95242180181713,0.0178711021063161,0.846756025733641
"WLOU",2024-08-21 16:53:00,5.21185648849587,0.0156581939319265,5.87758689266202,0.0176864407751963,0.885321932826969
"WLOU",2024-09-19 13:30:00,5.16210561476814,0.0156327151978299,5.79277930938685,0.0175463234531583,0.890939645536746
"WLOU",2024-10-02 17:06:00,5.09396044818283,0.0156659899917087,5.69494283605718,0.0175099915793711,0.894688607969699
"WLOU",2024-10-15 15:58:00,5.22137828085711,0.0161513002473936,5.77804886086667,0.017858087690137,0.904424960143628
"WLOU",2024-11-20 16:02:00,5.07403052926464,0.0157705525404008,6.16746476391207,0.0190762301118725,0.826712219758017
"WLOU",2024-12-17 15:33:00,4.80894290628164,0.015307585830552,6.1525124189145,0.0194055658761099,0.788824501603282
"WLOU",2025-01-22 15:55:00,4.83777585924317,0.0154926334588959,5.92952596236,0.0188755773701869,0.820776665797028
"WLOU",2025-02-25 15:20:00,4.57906122805869,0.0151076460869261,5.14315834700259,0.0170733456600815,0.884867347484719
"WLOU",2025-03-18 14:33:00,4.97987634260677,0.0155276170387954,5.8758493461675,0.0183360319495119,0.846836277420905
"WLOU",2025-04-23 15:08:00,4.80990674059083,0.0147726701461922,5.98457732559085,0.0184072882585887,0.802544619210782
"WLOU",2025-05-06 13:56:00,4.94278767743805,0.0147807577277678,6.41478487610006,0.0193018347640676,0.765769571050509
"WLOU",2025-05-13 16:54:00,4.91933290424955,0.0147375007098361,6.34550360032285,0.0191254986744915,0.77056818024265
"WLOU",2025-05-20 14:37:00,4.84342138577696,0.0148977831228253,6.06701611045341,0.0187138835301642,0.796081855420981
"WLOU",2025-05-22 16:55:00,5.04408106811636,0.0153368939243188,6.15486427852457,0.0187450744030142,0.818182611313221
"WLOU",2025-05-29 17:00:00,5.03709154318822,0.0146309006976601,6.38640770014988,0.0187688783536381,0.779529837744625
"WLOU",2025-06-03 14:08:00,5.01780317780213,0.0145884848400543,6.42819982056099,0.0189400692272794,0.770244536331605
"WLOU",2025-06-05 16:21:00,5.04577740646976,0.0146538962202479,6.41125314280967,0.0188492355394278,0.777426553432139
"WLOU",2025-06-10 13:31:00,4.90958356665123,0.0143027643431425,6.17340770763384,0.0182407604226159,0.784110092549057
"WLOU",2025-06-12 16:40:00,5.06458975184684,0.0146349455367933,6.30208522259325,0.0184639048045809,0.792624620397867
"WLOU",2025-06-17 14:13:00,5.12213240125915,0.0145403868889205,6.47039721742177,0.0186965687380306,0.777703496970759
"WLOU",2025-06-23 16:51:00,5.08628874820866,0.0149173139036424,5.96495320801282,0.0176041438167012,0.847375144111825
"WLOU",2025-06-25 17:10:00,5.0733286520532,0.0151968807835493,6.07980104235055,0.0182656381224052,0.831992875458777
"WLOU",2025-07-01 14:37:00,5.07083673486172,0.0151233504124213,6.13139133753593,0.0183650531125614,0.823485253199578
"WLOU",2025-07-15 14:09:00,5.09306259062407,0.0152153597377681,6.15396096777059,0.0184617128063086,0.824157536053148
"WLOU",2025-07-29 14:40:00,5.1258795463705,0.0150828988117038,5.92213627459317,0.0175368391439786,0.860069405203084
"WLOU",2025-09-30 14:40:00,4.95328797695619,0.0152118140653662,5.54447630729196,0.0170736760727419,0.890951310107837
